delta_x,delta_y,delta_z,acc_x,acc_y,acc_z,pot_x,pot_y,pot_z
0.480802,0.91492,0.467958,-501.828,5244.61,384.858,5831.41,-60944.1,-4472.18
0.384588,0.293847,0.840969,-1319.88,-1020.79,3205.68,26622.3,20589.6,-64659.4
0.87855,0.611567,0.403323,4269.27,1015.81,-141.712,-44849.8,-10671.3,1488.71
0.631973,0.348527,0.817951,933.642,-2236.17,1992.85,-25691.9,61534.6,-54839
0.00490548,0.357012,0.0014567,-2961.63,-104.47,-2987.1,9228.83,325.543,9308.2
0.0673871,0.205736,0.910738,-3496.54,-3548.04,4320.33,21124.5,21435.6,-26101.5
0.169812,0.955043,0.239549,-4308.84,5352.22,-1984.95,39265.7,-48774,18088.6
0.00054344,0.5657,0.622369,-5346.52,40.3841,-2085.51,56567.6,-427.275,22065.2
0.236704,0.991797,0.186566,-3928.17,6042.66,-1094.53,37798.7,-58145.4,10532.1
0.605844,0.515995,0.433122,618.709,-1181.18,946.4,-28917.9,55207.5,-44234
0.202009,0.582914,0.845902,-2224.6,738.605,3745.48,38965.8,-12937.3,-65605.2
0.931482,0.0547401,0.645955,3160.09,-3324.66,226.167,-13881.3,14604.2,-993.482
0.0180652,0.126669,0.736203,-5760.14,-2966.61,2586.38,57669.4,29701.1,-25894.3
0.206996,0.883757,0.513678,-1951.3,3251.62,977.083,35851.8,-59742.9,-17952.2
0.29809,0.742686,0.653353,-1389.64,2613.43,1599.22,24134.9,-45389.2,-27774.8
0.458732,0.0916566,0.263522,-381.894,-4986.6,-896.537,3989.62,52094.7,9366.06
0.588898,0.668194,0.822872,529.537,1444.39,4463.5,-8951.97,-24417.8,-75456.7
0.606277,0.214556,0.97882,171.434,-3241.42,5872.19,-1559.38,29484.2,-53413.9
0.258412,0.0786417,0.484083,-387.612,-5927.89,-971.317,4342.68,66414.2,10882.3
0.872836,0.409801,0.621825,4085.81,-591.441,-589.998,-98560.4,14267.1,14232.3
0.914675,0.138249,0.105281,1277.71,-899.847,-459.526,-29575.2,20828.9,10636.7
0.990698,0.415129,0.852013,5513.41,-108.511,3603.49,-47747.1,939.726,-31206.9
0.605715,0.842077,0.853249,1367.02,2564.66,2496.22,-32742.8,-61428.5,-59789.3
0.599635,0.0643871,0.0753377,884.661,-2966.67,-3746.81,-3858.08,12937.9,16340.1
0.429836,0.689574,0.760559,-706.472,1423.54,2359.58,17224.8,-34708,-57530.1
0.931185,0.546507,0.813165,4138.26,1993.5,2574.58,-52198.6,-25145.4,-32474.9
0.608384,0.191003,0.199155,621.854,-2317.24,-1593.58,-11547.1,43028.6,29590.9
0.347525,0.353343,0.616637,-307.471,51.2572,1194.85,26224.6,-4371.8,-101910
0.276931,0.276461,0.536506,-3486.55,-1975.68,-1078.53,72706.6,41199.9,22491.2
0.214267,0.971527,0.00658849,-1817.97,3422.65,-4079.13,9152.04,-17230.3,20535.2
0.589057,0.0637207,0.0432204,710.597,-2828.16,-3370.24,-4459.25,17747.7,21149.5
0.751727,0.809771,0.708684,3385.1,3928.65,1717.39,-40424.1,-46915.1,-20508.7
0.838354,0.141784,0.727321,1737.91,-3689.81,2313.5,-28311,60108.1,-37687.5
0.150031,0.300228,0.760651,-320.705,-370.478,3525.56,8296.33,9583.92,-91202.7
0.558364,0.7011,0.25355,868.233,2570.39,-2445.73,-24943.5,-73844.8,70263.4
0.0387348,0.337557,0.82906,-5346.15,-1094.33,2185.24,79409.2,16254.6,-32458.5
0.0718777,0.304173,0.154012,-4452.07,-2197.82,-3613.78,46259.9,22836.7,37549.5
0.436442,0.200207,0.316679,-1185.23,-4333.44,-1718.35,17857.2,65289.2,25889.3
0.076029,0.61878,0.419907,-6316.17,2038.65,-1124.51,45204.6,-14590.5,8048.1
0.503605,0.246911,0.63299,2433.13,-1892.44,113.434,-89542.1,69644.2,-4174.52
0.849363,0.199825,0.924075,2444.93,-2665.39,3840.15,-28503.1,31073.2,-44768.6
0.871613,0.210559,0.0975104,1269.88,-2726.45,-2634.65,-18101.1,38863.3,37554.7
0.958792,0.0676277,0.372971,3565,-2082.22,-1662.06,-15815.4,9237.34,7373.41
0.567344,0.92717,0.404927,1384.03,6096.08,-1071.04,-11321.6,-49867,8761.3
0.467954,0.157295,0.901952,1883.83,-3938.26,6077.97,-19768,41326.3,-63779.4
0.191253,0.679852,0.0770973,-3839.06,804.106,-3607.62,57570.7,-12058.4,54100
0.3145,0.740049,0.604067,-753.112,2466.78,1129.98,19434.6,-63657.1,-29159.9
0.41492,0.0110673,0.270287,-530.208,-4603.94,-1020.25,4013.27,34848.2,7722.52
0.954836,0.707225,0.586437,4878.2,1495.32,-417.165,-43362.9,-13292.1,3708.23
0.752233,0.797323,0.0714149,-948.023,4063.51,-4478.43,12774.2,-54754.2,60345
0.196736,0.980254,0.314367,-2683.8,5100.71,-1105.81,25009.9,-47532.7,10304.8
0.325153,0.0145115,0.13197,-14.2413,-4566.24,-2121.61,105.726,33899.1,15750.5
0.716703,0.793041,0.67775,2457.26,4021.1,1258.78,-24744.1,-40491.7,-12675.7
0.580799,0.61049,0.861828,791.672,1200.49,4839.55,-11252.3,-17063,-68786.3
0.132197,0.0447101,0.483739,-1380.28,-5590.57,474.188,11844.2,47972.8,-4069.02
0.347083,0.649555,0.375228,-606.858,259.149,29.646,94334.5,-40284,-4608.39
0.777109,0.715462,0.402836,2882.28,1588.64,-1655.36,-70669,-38951,40587
0.77515,0.998768,0.864584,2296.03,4229.89,1828.21,-12998.9,-23947.3,-10350.4
0.969669,0.348962,0.551208,7098.03,-1121.41,-1175.11,-56681.5,8955,9383.87
0.667219,0.735076,0.805815,2081.84,1285.56,2785.66,-50621.4,-31259.2,-67735.3
0.993358,0.0949391,0.451434,3998.81,-2408.39,-3.80808,-22940.5,13816.5,21.8463
0.853419,0.956212,0.55715,1560,5265.37,758.417,-13341,-45029.1,-6485.94
0.697766,0.0997017,0.958882,415.408,-3596.03,2926.14,-2118.98,18343.2,-14926.1
0.868381,0.947131,0.225157,1271.83,3842.34,-101.221,-10263.3,-31006.7,816.83
0.845799,0.0580084,0.356335,513.847,-4265.46,-1677.43,-6087.69,50534.1,19873
0.778735,0.735696,0.147756,3664.9,1231.35,47.8639,-117249,-39394,-1531.28
0.615174,0.745382,0.358264,125.56,1619.36,-595.971,-8274.97,-106723,39277
0.608256,0.626106,0.387287,1917.1,616.39,823.829,-95300.7,-30641.3,-40953.3
0.409114,0.77743,0.517962,-100.354,1832.1,635.871,4857.22,-88675.4,-30776.8
0.0763219,0.135836,0.0690591,-2069.7,321.128,-2380.86,22547,-3498.32,25936.7
0.968405,0.83808,0.932773,2485.19,1941.61,2012.62,-14037.2,-10966.9,-11368
0.556579,0.817538,0.713949,266.397,3326.07,1204.67,-7376.14,-92094.1,-33355.6
0.6486,0.352238,0.87314,658.196,-2559.23,2424.81,-18151.3,70576.8,-66869.9
0.290513,0.95854,0.562203,400.825,5641.87,64.3716,-4046.55,-56957.9,-649.867
0.000708679,0.0229875,0.752569,-4527.97,-5131.15,789.74,29092.2,32967.6,-5074.08
0.533689,0.345188,0.359314,861.834,-2101.03,-1138.18,-23699.1,57775.1,31298.1
0.000940126,0.991946,0.796186,-3452.91,2978.37,1895.76,17023.5,-14683.9,-9346.47
0.879278,0.0772258,0.695116,4030,-3770.7,694.173,-21038.1,19684.5,-3623.84
0.856684,0.948692,0.462361,2060.44,4924.79,22.5921,-16690.3,-39892.4,-183.004
0.546363,0.0800136,0.617772,1520.87,-5438.93,-624.862,-15720.3,56218.9,6458.81
0.20744,0.0164176,0.294838,-350.073,-4701.68,-859.814,2441.78,32794.5,5997.25
0.578841,0.981714,0.272877,1287.48,6225.85,-1084.03,-10365.8,-50125.8,8727.76
0.551157,0.285633,0.924766,-219.064,-2548.46,6001.32,2830.28,32925.7,-77536.1
0.323997,0.342374,0.289419,-1356.1,-4060.34,-66.3192,33896.9,101492,1657.71
0.0941297,0.970062,0.507513,-3864.42,4905.24,317.031,38709.1,-49134.7,-3175.63
0.472723,0.515028,0.676896,440.927,464.265,1039.74,-37182.8,-39150.8,-87680.1
0.971853,0.913563,0.424687,4855.13,1765.87,-2960.09,-37835.4,-13761.1,23067.6
0.966955,0.589665,0.944212,3861.12,60.0219,4588.6,-38333.2,-595.897,-45555.6
0.585145,0.580556,0.359057,894.484,-176.111,-620.212,-63847.7,12570.7,44270.3
0.617638,0.441273,0.946937,146.017,1263.17,7081.04,-1483.47,-12833.2,-71940.1
0.188354,0.600566,0.00262167,-2274.41,-66.3226,-5121.56,14685.2,428.226,33068.4
0.674843,0.747361,0.157279,-1288.02,2826.29,-2845.14,34591,-75902.6,76409
0.913289,0.647094,0.893431,3775.67,3030.56,3893.55,-23456.7,-18827.6,-24189
0.0503225,0.909781,0.670912,-4965.42,1567.02,255.415,51998.8,-16410.1,-2674.75
0.996885,0.45122,0.92847,5647.73,-1443.53,2974.36,-38785.9,9913.5,-20426.5
0.000931213,0.398631,0.0536261,-4363.53,-454.42,-4733.26,17537.1,1826.32,19023
0.244148,0.804103,0.879761,-63.5684,1086.03,5024.54,756.304,-12921,-59779.3
0.33808,0.435018,0.590527,177.461,417.821,-68.7098,-40524,-95411.5,15690.2
0.50413,0.893691,0.856317,-1339.54,4467.32,2808.99,15445,-51508.5,-32387.9
0.0935447,0.778032,0.898799,-3064.13,2337.82,3080.34,39770.4,-30343.3,-39980.8
0.272217,0.10861,0.141169,-503.932,-1033.97,-2208.42,15362.5,31520.8,67324.2
0.702872,0.0782045,0.507708,2546.54,-4781.87,-865.988,-24935.5,46823.7,8479.68
0.800349,0.713133,0.265572,3579.32,1878.31,-669.467,-74790.8,-39247.7,13988.7
0.167718,0.745151,0.403092,-3687.75,639.183,-687.112,75875.8,-13151.2,14137.4
0.646245,0.265831,0.893465,979.582,-2352.84,3991.94,-16552.4,39756.8,-67453.3
0.433411,0.0743383,0.208487,-486.513,-4086.78,-844.007,5643.76,47408.4,9790.86
0.659261,0.308099,0.607942,1403.72,-1084.63,-782.878,-76907,59424.8,42892.3
0.200057,0.832857,0.670034,-2826.72,2583.62,-406.039,61118,-55861.8,8779.19
0.37015,0.787327,0.139478,901.005,2455.66,-4171.3,-14014.2,-38195.3,64880.4
0.273547,0.674702,0.204307,-3033.6,-970.726,-4158.07,55703,17824.5,76350.5
0.211314,0.265492,0.539949,-1348.49,-1755.86,-1171.43,41454.2,53977,36011
0.456667,0.990912,0.742372,-602.274,5983.18,2163.97,4798.54,-47670.3,-17241.1
0.573758,0.0613891,0.122572,-365.276,-4210.58,-3159.19,2347.04,27054.6,20299
0.762279,0.207858,0.796677,1761.54,-3752.47,1699.06,-23197.8,49416.3,-22374.9
0.995492,0.353409,0.753441,6152.31,-1180.66,-589.768,-58870.4,11297.5,5643.38
0.355144,0.995741,0.198312,-635.942,6722.03,-2035.04,4052.21,-42832.7,12967.2
0.648758,0.117642,0.412454,1646.27,-3874.75,-2245.98,-22149.2,52131.5,30217.7
0.88388,0.628796,0.394431,4388.2,801.35,-774.309,-59853,-10930,10561.2
0.643719,0.720156,0.840499,969.552,2067.91,3634.88,-19125.9,-40792.7,-71703.7
0.624698,0.120777,0.682175,2686.94,-4169.29,2069.55,-44859.8,69608.3,-34552.1
0.468486,0.537671,0.14712,-1208.96,-264.864,-4151.43,27132.3,5944.25,93169.1
0.629649,0.361467,0.00272332,578.692,-1337.33,-6387.52,-4402.15,10173.2,48590.3
0.667013,0.109213,0.201865,1959.33,-3124.38,-291.619,-35216.6,56157.2,5241.51
0.737005,0.317064,0.485537,1658.77,-1797.69,-1656.07,-53321.7,57787.2,53234.8
0.295703,0.107494,0.433866,-489.803,-5056.8,-194.846,4942.49,51026.9,1966.14
0.509631,0.321939,0.576977,894.497,311.498,-930.01,-76710.4,-26713.5,79755.9
0.748403,0.772408,0.5016,3266.79,2586.47,-2130.88,-66347.9,-52530.8,43277.7
0.314361,0.384579,0.942811,-2529.84,-219.575,4924.11,27710.3,2405.08,-53935.5
0.482637,0.396382,0.945655,1126.35,-708.373,6068.21,-11977.9,7533.01,-64530.8
0.271892,0.567616,0.607509,-2329.9,987.695,618.607,88710.9,-37606.4,-23553.4
0.291533,0.36689,0.360013,-2167,-1111.98,-1692.35,65792.6,33761.1,51381.9
0.392035,0.190959,0.83533,-2430.06,-4075.56,3826.56,35567.9,59652.4,-56008
0.665797,0.823242,0.31493,1529.22,2626.73,-1078.3,-38960.6,-66922.5,27472.3
0.91687,0.552371,0.905576,2951.53,1249.68,4666.5,-24643.4,-10434,-38962.2
0.966532,0.574866,0.144402,5707.66,1732.12,22.1624,-51907.3,-15752.5,-201.552
0.227624,0.345326,0.961652,208.931,-511.103,4874.08,-2200.86,5383.92,-51343.1
0.778668,0.257031,0.527921,2129.7,-1630.94,-1416.64,-60131.6,46049.2,39998.4
0.834967,0.29733,0.884346,2164.44,-1956.65,3709.53,-27612.8,24961.9,-47324.1
0.121317,0.0702356,0.80176,-1871.33,-5334.61,2873.51,19152.8,54599.1,-29410
0.894775,0.47337,0.567392,3778.74,-732.871,-726.477,-72849.9,14129,14005.7
0.943662,0.11137,0.343462,4053.17,-3307.31,-630.057,-27398.9,22357,4259.11
0.0242162,0.394131,0.281121,-5930.63,753.599,-1349.15,40788.7,-5182.98,9278.95
0.240852,0.189043,0.181914,-1154.37,-2875.66,-3047.88,20880.2,52014.6,55129.6
0.291779,0.784346,0.535046,-683.79,2422.46,439.833,26844.7,-95102.4,-17267.3
0.987691,0.444356,0.846285,6058.49,-1431.33,3179.23,-52915,12501.3,-27767.5
0.0605486,0.255838,0.382486,-6130.18,-2939.88,-411.434,74126.6,35549.2,4975.09
0.359079,0.253893,0.991984,-804.872,-897.896,7018.84,5190.48,5790.38,-45263.3
0.00283689,0.676934,0.967201,-3960.21,619.88,3214.68,18088.8,-2831.39,-14683.5
0.90579,0.433105,0.870146,4254.89,-2653.64,3099.53,-70258.8,43818.2,-51180.9
0.641075,0.395357,0.785638,688.619,-2686.04,1794.8,-13850.9,54027.1,-36100.7
0.41095,0.850099,0.668101,265.8,2389.66,563.118,-8928.96,-80275.6,-18916.7
0.914171,0.812705,0.0635679,5062.15,1663.14,-3403.01,-29418.4,-9665.24,19776.4
0.103425,0.474922,0.939101,-3044.96,1555.03,5215.5,29145.5,-14884.4,-49921.4
0.484246,0.313734,0.308338,1155.37,-1514.37,-657.169,-47481.8,62235.8,27007.5
0.445553,0.323444,0.690055,1081.41,944.502,1431.73,-73647.9,-64323.9,-97505.9
0.596706,0.343922,0.730412,1494.58,-2278.06,1909.84,-40706.7,62045.6,-52016.7
0.182029,0.0205678,0.0351786,-1951.84,-3261.75,-2739.63,11183.6,18689,15697.4
0.0617946,0.0512492,0.833372,-2036.9,-4610.26,3011.84,15990.3,36192.1,-23643.9
0.773157,0.191763,0.282008,1506.28,-2719.55,-1328.97,-26134.9,47185.9,23058.5
0.756301,0.676803,0.656452,2340.61,833.86,736.435,-80877.4,-28813.2,-25446.8
0.312309,0.250355,0.604196,-501.826,-2504.43,257.19,20463.6,102126,-10487.7
0.471244,0.0664675,0.776282,856.636,-5619.9,2013.12,-8342.34,54729.3,-19604.7
0.184231,0.953432,0.492145,-2880.62,4912.22,968.622,27606,-47075.5,-9282.65
0.737498,0.706907,0.687449,2468.21,80.8241,1529.89,-76716.8,-2512.17,-47552.1
0.441945,0.764588,0.839688,-305.389,955.797,3655.47,6929.18,-21686.7,-82941.3
0.383422,0.286956,0.0695716,-740.035,-2202.26,-5435.35,6827.64,20318.3,50147.2
0.741472,0.454155,0.31287,1606.01,-105.732,-1608.5,-58720.8,3865.87,58811.6
0.831804,0.476288,0.51234,3069.21,-310.92,989.388,-79472,8050.77,-25618.6
0.750443,0.470599,0.806919,2955.66,-544.059,2414.33,-76628.2,14105.2,-62593.6
0.703975,0.584095,0.845782,1614.05,1686.94,4339.49,-29872.4,-31221.4,-80314.1
0.400812,0.223931,0.648974,-332.414,-4097.67,1213.04,8546.98,105359,-31189.6
0.945997,0.433043,0.156219,5599.6,-351.943,-420.992,-52761.1,3316.11,3966.72
0.841896,0.579185,0.797097,2092.09,1572.23,2441.38,-52385.5,-39368.3,-61131.8
0.928346,0.939881,0.127447,4333.4,3163.58,-1525.16,-43107.5,-31470.5,15171.9
0.996796,0.931244,0.551339,5621.14,4130.49,124.751,-41397.6,-30419.5,-918.745
0.55537,0.0226165,0.764891,2846.38,-5380.33,2124.45,-25424.5,48058.3,-18976.1
0.657601,0.423201,0.744521,1504.81,-24.953,2217.76,-62934,1043.58,-92751
0.370234,0.253392,0.88491,-1121.88,-2048.89,2369.4,27865.3,50890.6,-58851.5
0.490564,0.427293,0.910546,331.842,434.411,4781.97,-4618.6,-6046.17,-66555.7
0.605062,0.43635,0.648087,-840.616,494.456,-917.604,60501.8,-35587.6,66042.9
0.263246,0.755164,0.0680131,-2311.96,715.269,-6627.47,25177.4,-7789.34,72173.8
0.0370351,0.141213,0.965302,-2042.61,-1165.72,2857.03,4219.11,2407.85,-5901.33
0.816515,0.236381,0.579459,3120.88,-2616.47,-754.139,-54769.6,45917.5,13234.7
0.882111,0.274531,0.56674,4155.42,-2562.62,-302.781,-51018.6,31462.9,3717.41
0.606865,0.0422696,0.815378,2485.95,-4614.67,2272.44,-21014.5,39009.4,-19209.7
0.304114,0.0230591,0.0838909,647.714,-4064.23,-2695.79,-2921.08,18329,12157.5
0.106949,0.84198,0.361211,-5676.34,1483.08,-1215.25,67999.7,-17766.6,14558.1
0.424046,0.171522,0.507929,-1824.82,-3134.62,-1936.91,42086.1,72294.3,44671.4
0.244661,0.0417783,0.233626,-776.599,-4733.03,-98.6775,9618.35,58619.6,1222.14
0.373634,0.542209,0.707686,-347.09,816.44,2617.79,12737.7,-29962,-96068.8
0.778766,0.576106,0.57226,2107.6,526.458,105.492,-87139.7,-21766.7,-4361.62
0.423963,0.144136,0.925623,280.972,-3673.66,5448.56,-2333.04,30504.1,-45242
0.681888,0.30857,0.962117,826.712,-1575.94,6420.03,-10016.5,19094.3,-77785.9
0.960649,0.546035,0.116796,5249.42,-9.33441,-1990.2,-33926.3,60.3271,12862.4
0.984922,0.183598,0.97352,3759.75,-1048.17,3192.77,-20463.4,5704.93,-17377.5
0.708007,0.848074,0.0767384,-252.044,3952.24,-4181.4,3073.27,-48191.2,50985.4
0.774553,0.201001,0.760993,1918.46,-4141.54,1628.73,-27410.9,59174.3,-23271.3
0.392026,0.325222,0.422202,467.603,-1666.31,-879.073,-23283.6,82971.6,43772.1
0.125408,0.150212,0.72793,409.783,-3368.3,2517.21,-10660,87622.6,-65482.4
0.759677,0.48135,0.82642,1210.03,273.703,2631.97,-41423.6,-9369.85,-90101.8
0.242849,0.110941,0.625239,-1336.52,-4488.62,146.591,19311.9,64858.2,-2118.16
0.174498,0.290788,0.127291,-1681.96,-1985.55,-4504.26,26726,31549.8,71571.5
0.501766,0.301637,0.537419,1251.48,-68.1036,-1892.45,-56823.1,3092.23,85926.3
0.360471,0.68402,0.187484,-1662.87,-494.193,-5137.81,35254.8,10477.5,108928
0.970399,0.239954,0.238477,4737.29,-422.962,-385.083,-54030.5,4824.04,4392.01
0.409057,0.433555,0.0886841,1371,1908.43,-6333.15,-16394.1,-22820.6,75730.2
0.990907,0.973308,0.951374,1822.68,1965.67,1785.33,-7210.22,-7775.87,-7062.48
0.661791,0.481801,0.844288,1617.7,963.666,4162.28,-36937.8,-22004,-95039.8
0.0280731,0.377542,0.293117,-5490.34,584.673,-1107.32,27925.8,-2973.86,5632.21
0.532861,0.199671,0.558702,2067.25,-3006.31,-689.252,-50987.3,74148.5,16999.9
0.912938,0.561808,0.890642,3366.01,2194.95,3420.86,-35954.3,-23445.6,-36540.2
0.55762,0.746088,0.818819,1385.51,2744.19,2588.74,-36495.6,-72284.6,-68190.1
0.495596,0.986813,0.605411,366.723,5910.97,-123.991,-3657.9,-58959.4,1236.75
0.313317,0.787286,0.327797,-573.102,3249.98,370.297,17271.2,-97942.2,-11159.4
0.902408,0.549199,0.00259012,3112.93,375.929,-5549.14,-21247.4,-2565.92,37875.8
0.959291,0.87598,0.372404,5146.09,2242.73,-2731.4,-41271.9,-17986.8,21905.9
0.553709,0.041726,0.530613,1324.48,-5440.76,-993.962,-4663.92,19158.6,3500.05
0.361227,0.536452,0.622036,44.527,2456.56,626.402,-1819.34,-100373,-25594.4
0.348958,0.945878,0.654263,-38.5996,5533.2,922.348,377.18,-54068.2,-9012.82
0.21724,0.303739,0.601943,-3125.7,-832.351,811.189,93322.8,24851.2,-24219.4
0.439381,0.497442,0.967882,-1889.65,1679.97,5396.66,19930.4,-17718.9,-56919.2
0.739598,0.31271,0.733014,1654.9,-2121,927.874,-56092.3,71890.7,-31450
0.867186,0.921,0.106895,3644.92,4951.4,-3026.64,-39353.7,-53459.6,32678.2
0.77388,0.444595,0.0993806,3040.45,-866.647,-4093.22,-33338.9,9502.88,44882.6
0.0258375,0.42531,0.016098,-4194.17,-639.393,-3838.46,15413.7,2349.79,14106.5
0.490681,0.753177,0.756492,138.67,2300.57,1694.16,-4599.57,-76308,-56193.9
0.490403,0.868115,0.505822,-1063.98,4093,516.499,21036.5,-80924.9,-10212
0.786702,0.826218,0.8823,2987.98,1609.13,2461.64,-34311.5,-18477.9,-28267.4
0.266386,0.0837387,0.754813,-613.504,-5943.63,1647.68,4827.77,46771.4,-12965.8
0.696959,0.554865,0.445393,920.432,-662.054,-396.38,-53300.9,38338.6,22953.8
0.915485,0.656594,0.674485,3862.71,2730.23,219.026,-47917.5,-33869,-2717.06
0.857438,0.816598,0.0672956,5163.08,1924.61,-2988.99,-54407.8,-20281.2,31497.5
0.291666,0.62062,0.0937847,-870.942,469.36,-4627.87,14656.8,-7898.72,77881.2
0.632968,0.958414,0.889708,1077.56,6301.09,1487.9,-9851.6,-57607.9,-13603.2
0.0216536,0.891396,0.092133,-3550.79,1941.27,-2714.62,18447.4,-10085.5,14103.2
0.436111,0.3467,0.177728,360.002,-1572.64,-2581.57,-12199.1,53290.6,87479.6
0.607524,0.966581,0.730325,691.961,5517.85,1262.74,-4701.29,-37489.1,-8579.25
0.025362,0.665699,0.631629,-4379.57,1826.09,-126.116,44604.1,-18597.9,1284.43
0.0434712,0.604756,0.64783,-4394,1308.44,-1166.16,35566.6,-10591,9439.33
0.311576,0.962761,0.530017,-15.4902,5505.19,485.205,132.001,-46913.1,-4134.72
0.219185,0.362222,0.118777,-3184.95,-2318.99,-4957.53,43860.3,31935.1,68270.8
0.385308,0.893236,0.784917,486.712,3897.26,2087.47,-8972.91,-71848.9,-38484.1
0.620304,0.9299,0.411259,45.8399,5429.29,-1014.05,-497.6,-58935.9,11007.7
0.38809,0.777427,0.0813817,-1529.91,1929.81,-5130.08,13102.5,-16527.3,43935
0.416789,0.872302,0.839555,447.271,3451,3111.94,-5101.65,-39362.8,-35495.4
0.769504,0.491436,0.355483,1671.31,222.367,-2458.18,-36259.6,-4824.32,53331.2
0.449357,0.384052,0.797746,-1142.01,1478.42,1932.85,39954.4,-51723.8,-67622.7
0.227616,0.761293,0.0298095,-2716.91,803.472,-5062.88,21634.7,-6398.04,40315.7
0.975164,0.834653,0.04459,4620,1279.36,-3052.79,-25422.4,-7039.9,16798.6
0.0419219,0.168713,0.607186,-4379.45,-2948.47,-1156.63,39856.9,26833.6,10526.4
0.647371,0.305869,0.443608,1530.59,-1968.04,-1384.53,-38953.2,50086.3,35236.1
0.182849,0.568246,0.454472,-4307.69,1935.91,-11.8047,75083.9,-33743.3,205.758
0.0204568,0.313946,0.269254,-7365.85,-2162.31,-2314.04,76291.2,22395.9,23967.5
0.0351396,0.266311,0.342893,-5861.53,-2057.92,-509.546,55638.4,19534.1,4836.68
0.730874,0.63088,0.197353,2794.08,-105.064,-1365.99,-100563,3781.41,49164.1
0.649548,0.313059,0.731025,1320.47,-1814.41,2298.51,-28371,38983.8,-49384.9
0.227336,0.250015,0.334585,-2447.64,-2295.58,-1456.92,42135,39517.2,25080.1
0.315164,0.397338,0.772379,-3733.53,-61.9933,4055.32,75539.2,1254.29,-82049.7
0.0418529,0.814808,0.172039,-4841.03,-83.6578,-2369.65,47430.8,819.65,23217.1
0.0249288,0.278825,0.517513,-6629.44,-1092.75,-654.585,61828.6,10191.4,6104.9
0.120367,0.469158,0.965444,-1081.6,1093.93,5919.28,8162.13,-8255.2,-44668.9
0.898507,0.531035,0.703218,4476.83,715.688,170.981,-91506.3,-14628.6,-3494.85
0.750565,0.128842,0.508693,385.445,-4430.44,-1918.25,-6543.59,75214.4,32565.6
0.118013,0.416634,0.98309,-691.651,2220.72,6239.52,5363.31,-17220.2,-48383.5
0.732128,0.0613093,0.721887,1273.49,-5633.2,1600.5,-9970.03,44101.8,-12530.2
0.583723,0.250631,0.923765,635.868,-3346.31,5107.54,-5669.38,29835.6,-45538.7
0.807801,0.365893,0.977017,2499.64,294.874,6530.34,-20707,-2442.73,-54097.3
0.806154,0.945985,0.184592,1745.18,4844.08,181.447,-15807.4,-43876.5,-1643.5
0.674724,0.413585,0.151939,1573.19,-2225.69,-2712.75,-39242.2,55518.6,67667.9
0.809932,0.574161,0.813968,2121.99,2114.8,2441.51,-56618.2,-56426.3,-65143.5
0.906292,0.894875,0.465589,2395.7,2633.25,-1922,-23515.5,-25847.2,18865.7
0.2975,0.440407,0.333656,-1723.25,-1041.09,-1731.92,59178.1,35752,59476.1
0.913578,0.0105201,0.649889,3012.79,-5139.85,694.795,-18432.1,31445.3,-4250.73
0.350742,0.49959,0.28063,-3039.21,-74.0983,-2104.1,89078.4,2171.8,61670.8
0.245019,0.823356,0.23601,-4922,761.148,-2677.99,87793.6,-13576.6,47767.2
0.319175,0.767208,0.0270036,-1883.98,1103.89,-6544.61,10132.4,-5936.91,35198
0.132299,0.928122,0.80188,-3083.68,4049.27,1843.81,28200,-37030.3,-16861.5
0.0219472,0.470264,0.670706,-4629.77,-422.918,546.518,60351.7,5512.99,-7124.19
0.59709,0.901327,0.964708,-291.911,2261.19,5440.81,1817.04,-14075.1,-33867
0.250517,0.717546,0.450768,-2394.48,2785.29,-1414.49,45226,-52607.5,26716.3
0.347833,0.981567,0.161475,-268.552,5969.01,-2765.79,2105.52,-46798.7,21684.6
0.149401,0.0324624,0.854245,-2730.74,-5431.31,2169.27,20072,39922.4,-15945.1
0.297584,0.465955,0.684673,-3007.83,113.494,2834.54,73917.4,-2789.11,-69659
0.402963,0.417581,0.239044,961.498,-1335.42,-1853.4,-43126,59897.3,83130.4
0.235066,0.51837,0.3745,-3539.38,995.904,-2970.14,88874.3,-25007.3,74580.6
0.33233,0.447807,0.274476,-1182.05,2853.42,-2847.33,30962.5,-74741.8,74582.3
0.80395,0.789139,0.468865,2056.86,1674.18,-209.166,-66287.6,-53954.8,6740.91
0.482811,0.833772,0.636571,-986.468,3525.64,1344.77,19467.3,-69576.1,-26538
0.458539,0.876963,0.226691,1111.44,4280.98,309.939,-17792.3,-68531.1,-4961.59
0.690115,0.445313,0.619131,1244.63,-1167.17,-1050.73,-64676.8,60651.8,54601.2
0.165371,0.46979,0.44529,-4123.18,-940.856,194.476,96410.3,21999.5,-4547.33
0.670892,0.785415,0.441999,2720.25,2080.23,37.6976,-89542.3,-68475,-1240.89
0.541915,0.263964,0.393957,1468.03,-1852.73,-1861.96,-45054,56860.7,57143.9
0.943406,0.572039,0.722858,6066.38,952.357,766.716,-69881,-10970.6,-8832.11
0.883787,0.283054,0.552093,4061.63,-2969.54,-316.257,-50011.2,36564.1,3894.1
0.717211,0.666563,0.254797,2685.64,905.043,-1381.58,-84564.3,-28497.6,43502.6
0.752517,0.679167,0.565105,2711.9,679.631,494.866,-93521,-23437.4,-17065.7
0.0770696,0.222579,0.408732,-5704.77,-2136.91,-760.936,81372.8,30480.8,10854
0.583752,0.245008,0.0487406,1323.09,-1984.25,-5387.85,-11928.2,17888.9,48573.8
0.0221516,0.727198,0.523563,-5204.26,1595.88,-627.866,39391.2,-12079.3,4752.35
0.349404,0.795883,0.00748308,-669.947,1013.44,-7246.54,5268.89,-7970.36,56991.4
0.896716,0.836225,0.478842,4255.3,1514.14,-1143.2,-63795.5,-22700,17138.9
0.0760307,0.216395,0.631642,-4287.56,-2133.05,-577.905,75552.2,37587,10183.4
0.723238,0.953972,0.563085,826.258,5943.91,473.375,-7052.45,-50733.7,-4040.45
0.0409971,0.689086,0.69054,-5272.83,895.344,196.212,33883.6,-5753.55,-1260.87
0.000725177,0.541955,0.739191,-5682.67,-432.931,3197.33,63443.4,4833.4,-35696.1
0.917709,0.555904,0.36054,5022.98,426.418,-1369.9,-52661.1,-4470.58,14362.1
0.586556,0.615221,0.00178756,-603.046,-825.161,-6881.21,4915.09,6725.41,56084.8
0.421629,0.726332,0.81573,330.554,1526.93,2312.66,-7122.06,-32899,-49828.1
0.275194,0.812453,0.814969,-1734.78,2357.01,4005.05,23161.7,-31469.3,-53472.8
0.536954,0.873098,0.550677,-1224.09,3016.68,774.505,30009.2,-73955.6,-18987.4
0.863203,0.914261,0.428178,2477.95,3491.3,-1624.53,-36311.9,-51161.7,23805.9
0.290584,0.735985,0.475854,-2235.93,3048.35,-592.204,50711.2,-69137.2,13431.3
0.54649,0.968468,0.696313,2227.39,5334.61,1697.21,-21420,-51301.1,-16321.5
0.224069,0.549559,0.332174,-3668.07,792.612,-2133.98,83374.5,-18015.9,48504.9
0.662193,0.357084,0.752642,217.478,-1900,1650.18,-5732.16,50079.2,-43494.6
0.409944,0.985714,0.766318,802.546,5805.73,1372.09,-6154.52,-44522.6,-10522.2
0.431824,0.805212,0.832699,-1629.12,2857.09,3624.64,31677.5,-55554.9,-70479.7
0.493795,0.744865,0.140362,1261.08,98.7499,-3174.58,-32754.4,-2564.86,82454.4
0.541038,0.299246,0.700416,1022.57,-1651.97,1892.33,-36281.6,58613,-67141.3
0.695285,0.464464,0.0415478,562.661,701.341,-6889.08,-5854.94,-7298.03,71686.5
0.836468,0.357425,0.281368,3289.64,-1305.73,-155.949,-75074.7,29798.9,3558.99
0.833754,0.219215,0.864366,2292.2,-1386.6,3198.29,-13971.1,8451.38,-19493.7
0.187162,0.836343,0.588921,-3130.81,3324.49,599.273,53684.2,-57005.2,-10275.8
0.465956,0.193433,0.0691505,-967.586,-3073.11,-4246.54,7945.29,25234.7,34870.3
0.81669,0.384693,0.296738,4146.62,-2310.79,-1050.46,-74733.2,41646.7,18932.1
0.31547,0.0926092,0.526643,-1688.33,-5632.3,-1829.04,16186.8,53999.3,17535.8
0.0239129,0.183928,0.735667,-6922.98,205.953,3235.13,70160.9,-2087.23,-32786.4
0.280058,0.476768,0.0232332,-1973.99,1281,-6096.27,10880.4,-7060.75,33602.1
0.990499,0.0270709,0.625405,3366.86,-3251.71,417.031,-15671.9,15135.9,-1941.17
0.200301,0.501806,0.558262,-3962.99,1641.94,1354.24,98878.4,-40967.1,-33789
0.0216719,0.442453,0.928555,-6050.12,962.204,3283.92,45363.1,-7214.5,-24622.5
0.410096,0.38501,0.416303,1447.35,-1194.85,472.4,-79317.1,65479.9,-25888.3
0.238873,0.375366,0.0882931,-1529.81,-1814.34,-4686.15,18769.7,22260.6,57495.8
0.999193,0.120649,0.103894,3294.4,-2030.46,-1723.23,-20817.7,12830.7,10889.3
0.0662603,0.23862,0.687762,-4514.9,-194.944,2233.76,47894.7,2068,-23696.1
0.284396,0.516053,0.48433,-590.753,-83.2625,-268.386,85607.6,12065.8,38892.6
0.177889,0.128075,0.876666,-268.719,-928.572,4446.88,5446.42,18820.4,-90129.8
0.435788,0.601263,0.938839,-998.8,2058.04,6198.57,7947.7,-16376.3,-49323.5
0.394165,0.974717,0.649048,-1419.24,5220.18,-186.184,14741.1,-54219.7,1933.81
0.33215,0.984982,0.15115,398.758,5755.72,-2168.06,-2763.83,-39893.4,15027.1
0.65543,0.977262,0.812633,753.355,5155.04,652.38,-5622.01,-38470.2,-4868.48
0.0266822,0.22368,0.564998,-6651.75,-3129.54,-1874.54,64067.3,30142.6,18054.9
0.446384,0.516659,0.320956,751.09,-372.971,939.584,-77612.7,38540.4,-97090.4
0.734995,0.136931,0.619548,1259.56,-4191.21,818.996,-20603.5,68558.6,-13396.9
0.497561,0.17977,0.428341,812.674,-3560.42,-2318.05,-17336.4,75953,49449.9
0.691307,0.16066,0.923243,412.381,-5320.77,3546.69,-3647.1,47056.9,-31367
0.384895,0.334656,0.989585,-1550.63,-670.205,6470.3,10637.5,4597.65,-44386.7
0.176908,0.733627,0.565403,-5150.83,670.885,-445.978,77938.9,-10151.4,6748.23
0.403504,0.737468,0.290101,1158.15,1487.81,-843.448,-61517.9,-79028.6,44801.7
0.471768,0.482763,0.228094,-411.814,-385.35,-2536.97,18356.8,17177.1,113087
0.50347,0.382391,0.885332,703.09,820.229,5463.68,-11619.2,-13555,-90292.4
0.0378204,0.313412,0.566881,-7382.05,423.492,-867.156,65316.3,-3747.05,7672.59
0.956519,0.395965,0.575899,5431.58,-676.887,387.633,-46031.3,5736.45,-3285.1
0.104708,0.995482,0.697777,-2097.66,5457.31,-370.278,17239.5,-44850.5,3043.1
0.694354,0.511212,0.0959532,-548.942,730.479,-4764.51,8686.86,-11559.6,75397
0.468306,0.682957,0.831206,-2237.16,2060.84,4135.61,47573.9,-43824.5,-87945
0.564619,0.0883533,0.475066,768.591,-4878.66,-883.298,-10623.9,67435.3,12209.4
0.359734,0.750649,0.134606,-139.306,424.885,-3477.16,3845.02,-11727.4,95974.1
0.681689,0.316586,0.388657,-289.116,-903.809,-1719.04,10535.5,32935,62642.2
0.415394,0.484452,0.106227,-259.065,878.467,-6298.5,2523.1,-8555.63,61342.8
0.360788,0.556061,0.1436,-1221.5,709.376,-4827.75,21955.6,-12750.6,86775.7
0.368347,0.102025,0.479887,-1528.4,-5210.47,-508.283,18511.6,63107.8,6156.19
0.583814,0.252052,0.587195,2254,-4131.31,297.929,-46602.5,85416.9,-6159.83
0.346606,0.876745,0.224047,-537.838,3065.41,-2494.14,17475.3,-99600.4,81039
0.104937,0.0719768,0.823902,-1538.8,-5769.15,3748.27,16776.9,62898.6,-40865.9
0.416343,0.150808,0.0825823,-164.851,-2813.43,-3602.4,1963.69,33513.2,42911.3
0.974279,0.926398,0.236314,4794.37,2207.51,-287.309,-33224.6,-15297.9,1991.03
0.789209,0.34972,0.736565,3653.87,-215.425,1359.79,-57998.1,3419.45,-21584
0.999569,0.0837904,0.0399906,2700.72,-2083.02,-2053.23,-14119.4,10890.1,10734.3
0.304438,0.408211,0.114574,-2276.29,-477.425,-3766.62,32764.7,6872.01,54216.4
0.957042,0.387828,0.736956,6250.98,-2276.55,1314.38,-67178.8,24465.9,-14125.6
0.490989,0.884355,0.858284,-877.717,4706.77,3256.61,9604.87,-51506.2,-35637.1
0.264227,0.806665,0.236225,-4696.73,873.268,-2815.37,85324.7,-15864.5,51146.4
0.325625,0.319959,0.643209,-893.532,-1109.95,3086.12,28729.8,35688.4,-99228.3
0.459047,0.0894532,0.637243,-327.37,-5625.12,957.867,2849.8,48967.5,-8338.38
0.848315,0.159578,0.549389,3403.39,-2889.94,-1348.44,-68681.1,58319.6,27211.9
0.169097,0.38433,0.567501,-2783.15,1140.74,502.248,79382.8,-32536.8,-14325.4
0.218873,0.53754,0.00402912,-1589.95,788.364,-5094.63,8920.77,-4423.29,28584.5
0.630429,0.750263,0.259498,561.431,2995.97,-1148.09,-19465.6,-103875,39805.9
0.997021,0.642282,0.857162,5662.72,3034.68,738.453,-46775.4,-25067.1,-6099.8
0.980008,0.310301,0.847941,4748.27,-3051.06,2859.88,-41637.4,26754.6,-25078.2
0.0158089,0.161307,0.592029,-5907.93,-3360.44,-1833.28,50887.5,28944.9,15790.8
0.998514,0.626384,0.318982,5687.86,473.259,-1434.99,-31166.2,-2593.19,7862.92
0.291166,0.923138,0.329398,221.624,4728.62,139.623,-3469.07,-74016.9,-2185.52
0.454801,0.66964,0.315392,-85.0689,1450.97,-711.57,6129.59,-104548,51271.8
0.357822,0.396747,0.431455,833.559,-1542.99,-903.312,-47417,87773,51385
0.852483,0.448632,0.964143,2581.41,-871.824,6411.19,-23055.2,7786.48,-57259.9
0.652829,0.876514,0.22181,-980.804,4504.26,-3767.11,15999.9,-73478.1,61452.9
0.65922,0.446745,0.914512,441.547,523.502,5373.35,-6091.58,-7222.23,-74130.8
0.331098,0.575343,0.610824,-385.985,1995.16,-1609.2,13061.2,-67513.4,54453
0.61134,0.562535,0.731289,280.916,1170.96,12.2352,-19471,-81162.5,-848.052
0.249333,0.757405,0.419615,-3624.48,1373.82,1229.84,74311.9,-28167.2,-25215
0.03324,0.408491,0.238912,-6270.53,1867.72,-1630.29,65242.4,-19432.9,16962.5
0.508617,0.0832218,0.8739,2051.35,-3311.67,4227,-20490.2,33079.2,-42222.1
0.507201,0.0709213,0.636886,-894.16,-4928.2,1456.71,10513.3,57944.2,-17127.6
0.213946,0.597488,0.735342,-2706.2,-470.775,1552.29,72481.3,12609,-41575.7
0.468132,0.490202,0.204583,754.879,450.189,-3344.04,-23787.4,-14186.1,105376
0.488709,0.884177,0.897191,-2160.03,4218.56,2887.19,23908.9,-46694.3,-31957.7
0.0438943,0.411257,0.202951,-6232.2,1294.1,-1220.83,69439.9,-14419,13602.6
0.782099,0.286942,0.361606,2951.62,-3517.89,-1614.96,-45434.9,54151.7,24859.4
0.979044,0.620456,0.766021,5671.49,1664.57,1232.61,-42412.1,-12447.9,-9217.64
0.492575,0.613535,0.584701,491.169,398.051,-184.613,-58141.5,-47118.8,21853.4
0.386378,0.324926,0.0464971,-1352.5,-2003.72,-5789.29,15037.4,22278,64367.1
0.575312,0.192162,0.189797,779.564,-2239.84,-2448.41,-15634.3,44920.4,49103.4
0.85143,0.313105,0.190419,3495.77,-2708.19,-1417.61,-64505.7,49972.9,26158.4
0.940049,0.826339,0.564003,4542.74,1166.45,799.083,-46686.1,-11987.8,-8212.25
0.10844,0.642803,0.221688,-5776.76,1343.61,-1701.79,54389.4,-12650.4,16022.7
0.489378,0.776783,0.387915,437.386,2869.77,-242.21,-12599.5,-82667.7,6977.18
0.976578,0.499349,0.489781,7333.04,1004.16,-1495.75,-68014.8,-9313.74,13873.3
0.824473,0.9192,0.235974,3076.6,5691.3,-1428.51,-10963.6,-20281.3,5090.56
0.204882,0.860314,0.860204,-1803.55,600.44,4284.44,20465.7,-6813.46,-48617.4
0.194563,0.904656,0.555975,-1509.19,2751.53,798.583,34181,-62318.3,-18086.8
0.50286,0.0659603,0.171253,-361.819,-4341.34,-3124.51,3804.25,45645.9,32851.9
0.119894,0.0265628,0.106662,-1447.33,-4521.75,-1955.65,9540.04,29805.1,12890.6
0.0555745,0.436912,0.445476,-6486.57,1897.48,-266.468,78532.7,-22972.7,3226.12
0.679571,0.53671,0.835618,1695.92,1395.88,3942.22,-29858,-24575.5,-69405.7
0.729862,0.357701,0.130953,544.949,-3146.18,-2947.91,-9409.56,54324.7,50901.1
0.768526,0.826515,0.71446,3107.06,3180.81,1035.94,-33346.2,-34137.8,-11118.2
0.963239,0.866087,0.627681,4010.92,1765.8,2235.11,-30860.9,-13586.4,-17197.4
0.772345,0.0360617,0.467213,968.973,-5214.02,-1021.06,-7916.32,42597.5,8341.86
0.896369,0.179211,0.852862,3831.35,-2840.12,2178.75,-33487.9,24824,-19043.3
0.920454,0.613275,0.824013,3694.1,2628.39,2296.48,-41537.6,-29554.4,-25822.3
0.311093,0.167866,0.492789,-150.536,-4121.86,-1729.91,2306.96,63167.2,26510.7
0.655113,0.490299,0.131043,1313.08,931.72,-3556.01,-27713.3,-19664.4,75051.5
0.729669,0.54836,0.294462,3949.54,-2124.91,-1797.84,-68649.3,36934.3,31249.3
0.70547,0.755896,0.931166,2102.16,67.103,5981.03,-18914.2,-603.76,-53814.4
0.128135,0.288337,0.527938,-2649.95,-1669.72,-2409.93,75545.4,47600.7,68702.8
0.725886,0.870555,0.581252,2279.87,5034.92,-676.196,-35894.3,-79269.8,10646
0.260991,0.564791,0.68174,-4846.4,1045.14,2471,94883.7,-20461.9,-48377.7
0.298904,0.235224,0.529488,-1317.67,-3908.11,-1576.85,31164.8,92432.1,37294.7
0.915812,0.408007,0.217495,5936.1,-24.0753,-696.851,-68462.7,277.667,8036.98
0.252347,0.528848,0.00278373,-1127.85,334.639,-5638.73,6643.69,-1971.22,33215.4
0.779147,0.836027,0.633567,2237.12,2518.87,2271.04,-24373.1,-27442.6,-24742.7
0.589881,0.659775,0.190827,-1414.43,1522.71,-2107.64,51058.8,-54967.4,76082.4
0.439943,0.64464,0.971539,-1088.53,381.028,5824.43,6699.17,-2344.97,-35845.4
0.674066,0.242579,0.687059,865.044,-3458.82,2474.22,-20787,83115.4,-59455.5
0.545804,0.312812,0.160445,435.547,-2722.86,-2272.33,-9564.46,59793,49899.5
0.479037,0.0459631,0.697206,-856.862,-4948.97,1226.7,7355.89,42485.3,-10530.8
0.334206,0.652259,0.597556,-1001.57,1489.91,-456.389,45245.5,-67305.7,20617.1
0.793563,0.620488,0.532239,2140.89,697.628,1398.31,-60284.6,-19644.3,-39374.6
0.205492,0.165675,0.591035,-1550.86,-5850.85,103.092,26227.9,98948.3,-1743.48
0.0781296,0.182096,0.940433,-3176.08,-2708.67,4000.41,15503.5,13221.9,-19527.3
0.396425,0.200457,0.829981,-986.924,-1380.19,2990.46,26186.8,36621.7,-79348
0.177194,0.151098,0.682232,-1189.15,-3820.9,856.2,25699.1,82575.1,-18503.7
0.449857,0.857555,0.0593049,1290.2,3842.2,-4887.02,-10315.1,-30718.2,39071.5
0.13426,0.163161,0.0728349,-2501.06,-1218.78,-3389.84,20970.2,10218.9,28422.2
0.910859,0.114839,0.647345,4084.19,-3119.03,94.3514,-46999.5,35892.9,-1085.77
0.816593,0.335589,0.546597,3882.28,-2569.51,-637.876,-72896.8,48247.2,11977.3
0.774461,0.771196,0.659704,3291.2,2876.02,1762.06,-39007.1,-34086.4,-20883.8
0.118739,0.973797,0.529626,-3472.7,5453.92,838.633,29117.5,-45729.4,-7031.68
0.418433,0.49441,0.912073,-1400.98,689.825,4969.54,17541.2,-8637.04,-62221.7
0.911053,0.67445,0.439791,5158.71,1067.24,-897.466,-67035.3,-13868.4,11662.2
0.671531,0.668774,0.448957,603.739,1031.85,388.424,-49596.1,-84764.9,-31908.3
0.797081,0.519583,0.270447,2051.99,-153.134,-1456.1,-44594.3,3327.93,31644.2
0.56481,0.584563,0.844383,915.948,1532,4421.4,-13541.6,-22649.4,-65367
0.192994,0.463276,0.862797,-1629.79,134.495,2222.6,37935.1,-3130.53,-51733.4
0.177227,0.688146,0.713759,-3791.8,1471.48,1253.4,78920.6,-30626.8,-26087.8
0.686742,0.821124,0.738857,1542.78,4613.36,844.475,-23709.6,-70898.7,-12978
0.450534,0.508102,0.906468,-1579.72,1422.14,5089.08,14345.7,-12914.7,-46214.7
0.44452,0.0426114,0.411403,-850.081,-5718.34,-2103.26,8314.91,55932.8,20572.7
0.942706,0.835889,0.465631,4489.27,944.385,-791.062,-55564.6,-11688.9,9791.15
0.904847,0.244708,0.846915,5758.17,-1340.27,2002.82,-52752,12278.5,-18348.3
0.96856,0.499945,0.681915,5708.33,489.468,51.387,-58082.6,-4980.36,-522.866
0.449222,0.699623,0.828009,-1052.7,1771.3,3172.55,23550.9,-39627.2,-70975.8
0.152094,0.564493,0.071933,-3624.15,1022.83,-3397.24,30444.6,-8592.26,28538.4
0.512358,0.0460509,0.148225,281.297,-4477.48,-2726.43,-2936.01,46733.4,28456.9
0.916764,0.246848,0.693079,5201.57,-1821.71,175.288,-55620.2,19479.5,-1874.35
0.424039,0.391703,0.568007,-558.856,1918.57,-1815.54,20157,-69199.5,65483.4
0.328319,0.861262,0.47133,-263.327,4172.66,-470.233,6133.48,-97190.5,10952.8
0.274199,0.0856244,0.73559,-696.502,-6455.62,1794.33,5445.05,50468.2,-14027.5
0.643867,0.806154,0.61291,413.754,2857.32,1097.86,-10590.2,-73134.2,-28100.1
0.237269,0.866264,0.115398,-3574.93,2617.82,-4175.32,40614.8,-29741.1,47435.8
0.368592,0.436428,0.326829,-912.125,-102.465,-2455.7,28655.8,3219.09,77149.5
0.908806,0.231107,0.49794,5985.92,-1800.98,-1146.45,-64184.1,19311.1,12292.8
0.873325,0.416845,0.0238417,3397.37,-552.878,-8167.74,-34405.2,5598.99,82714.6
0.141863,0.445096,0.0212776,-2532.08,-334.253,-5426.16,24857.5,3281.36,53268.7
0.754574,0.22371,0.994185,1073.97,-1592,6336.2,-9776.42,14492.1,-57679.1
0.159412,0.877835,0.439656,-2576.6,2402.43,419.599,52810.7,-49241,-8600.21
0.687871,0.828073,0.671629,687.459,3800.67,2025.02,-10653.9,-58900.8,-31382.8
0.389488,0.383855,0.535126,242.501,1103.73,124.004,-21909.3,-99718.5,-11203.4
0.967062,0.11094,0.216573,3344.27,-2223.54,-643.322,-33153.6,22043.2,6377.61
0.413983,0.0790904,0.565316,-1672.42,-5670.85,245.372,24732.9,83864.2,-3628.71
0.0139009,0.608121,0.759466,-4744.75,1141.8,2051.8,16746,-4029.82,-7241.59
0.926526,0.477303,0.101779,6236.31,87.0812,-2319.16,-48137.3,-672.169,17901.3
0.822745,0.396638,0.716614,1857.05,-1699.93,2430.44,-39559.9,36212.8,-51774.5
0.0347227,0.636844,0.823698,-4119.56,517.828,2539.96,44405.9,-5581.82,-27378.9
0.489386,0.935752,0.140689,1990.05,6363.07,-3156.48,-19329.6,-61805.2,30659.2
0.0560167,0.361418,0.352887,-6027.95,921.048,-1278.59,72129.7,-11021.1,15299.4
0.433901,0.0403081,0.677017,-1335.5,-6080.31,-777.896,15272.5,69532.9,8895.83
0.151644,0.908138,0.401163,-3727.56,3156.45,-1881.92,35042,-29673,17691.5
0.787353,0.0654229,0.0439929,-96.4121,-2424.61,-2634.19,593.098,14915.4,16204.7
0.966566,0.0526721,0.318363,2830.06,-2737.38,-62.9841,-14512.6,14037.4,322.984
0.343804,0.358787,0.343922,-2090.88,-1762.62,-914.724,54660.1,46078.7,23912.9
0.840313,0.0362324,0.470124,1503.77,-4626.19,191.18,-8867.96,27281.4,-1127.42
0.839566,0.134248,0.95918,2566.61,-3619.35,4545.87,-15729.9,22181.8,-27860.1
0.232482,0.85932,0.786884,-1341.48,2390.53,1528.37,25135.8,-44792.4,-28637.8
0.0787697,0.299732,0.863755,-4165.74,53.5593,2195.55,68837,-885.044,-36280.5
0.069273,0.54429,0.632935,-4222.34,-331.995,-485.197,50321.1,3956.65,5782.49
0.794857,0.504428,0.0987634,2667.87,561.8,-3475.17,-52847.2,-11128.6,68838.8
0.807371,0.961769,0.2125,2079.09,4172.48,-264.694,-8275.6,-16608.1,1053.58
0.830025,0.383832,0.13684,2149.54,-2080.52,-3070.29,-27546.5,26662.1,39346
0.771613,0.354713,0.521756,1489.27,-1954.89,536.034,-47766.1,62700.3,-17192.5
0.41086,0.821522,0.11022,-237.202,2163.45,-4033.88,3069.67,-27997.6,52203.2
0.242229,0.973451,0.886648,200.841,4812.61,3518.53,-1279.5,-30659.7,-22415.5
0.810967,0.185473,0.803821,1070.84,-3212.01,811.834,-12881.3,38637.9,-9765.72
0.502895,0.0182254,0.851449,-478.127,-4448.55,3907.79,3123.26,29059.1,-25526.7
0.601222,0.0176925,0.238284,757.936,-5678.89,-136.939,-6427.71,48160.1,1161.31
0.69631,0.782324,0.317948,590.523,1994.37,-55.8057,-22666.1,-76549.9,2141.99
0.21214,0.974063,0.823866,-1763.22,6082.43,2064.62,13668.1,-47149.7,-16004.5
0.0136843,0.901866,0.687119,-4354.66,1775.91,228.897,30759.8,-12544.4,-1616.85
0.777655,0.0826359,0.68177,-525.856,-4888.01,1315.18,5532.94,51430.5,-13838
0.367352,0.151087,0.880615,-1540.76,-3223.31,3608.75,16935.4,35429.3,-39666
0.508758,0.393041,0.800121,-105.406,1408.4,2351.78,4328.82,-57840.3,-96583.1
0.406262,0.465655,0.887795,-1318.67,2172.81,4229.94,17879.2,-29460.1,-57351.8
0.630667,0.0888714,0.0409718,-179.371,-2653.22,-3880.03,1354.56,20036.4,29300.9
0.736979,0.0858958,0.914204,-544.65,-4131.04,2887.96,3576.4,27126.1,-18963.5
0.288755,0.334183,0.115584,-2346.23,-1588.51,-3912.69,33491.2,22675.1,55851.6
0.887916,0.332131,0.103747,5152.85,-3393.64,-1637.97,-71324.9,46974.2,22672.5
0.287394,0.554187,0.891668,-1315.42,879.195,5013.49,15951.9,-10661.8,-60797.7
0.101222,0.423652,0.736276,-3635.15,1095.69,1140.2,67227.8,-20263.4,-21086.6
0.772617,0.808019,0.893598,2736.25,1496.36,3329.1,-24490.9,-13393.2,-29797.3
0.542658,0.611247,0.759446,-440.687,135.901,1773.47,22813.4,-7035.27,-91808.5
0.297007,0.995775,0.22172,-268.953,6404.58,-1987.05,1589.85,-37859,11746
0.155651,0.570196,0.44069,-5425.93,2198.07,129.72,74962.1,-30367.5,-1792.16
0.871515,0.0958872,0.996033,1434.98,-2702.46,3301.37,-6729.46,12673.4,-15482.1
0.271216,0.778052,0.680155,-1463.79,2047.9,88.6295,40780.4,-57053.3,-2469.17
0.760309,0.836263,0.938306,2763.96,2409.69,3220.35,-15358.2,-13389.6,-17894.1
0.16645,0.718718,0.812227,-2434.12,454.919,3340.74,48855.9,-9130.82,-67053
0.145206,0.435416,0.186749,-2064.32,1460.6,-959.681,69279.5,-49018.2,32207.3
0.299844,0.33527,0.189069,-1116.23,-2525.21,-1998.88,32829.5,74268.7,58789
0.0569913,0.812973,0.489928,-5188.07,936.262,286.228,37512.3,-6769.63,-2069.57
0.496883,0.258668,0.97161,1136.52,-2511.04,5844.33,-11239.3,24832.4,-57796.2
0.148731,0.142507,0.743399,-670.277,-3118.35,2034.03,15844.3,73713,-48081.4
0.957377,0.153765,0.18372,3104.05,-3155.38,-914.136,-22112.7,22478.4,6512.14
0.272139,0.919879,0.56848,-675.396,5004.67,-169.01,7598.91,-56307.8,1901.54
0.83707,0.64278,0.178117,5458.12,57.8075,-832.144,-99558.9,-1054.44,15178.7
0.0908043,0.0429333,0.029595,-1845.41,-4087.79,-3105.76,11273.9,24973,18973.6
0.543027,0.366863,0.952535,-534.633,-142.756,5690.19,5900.08,1575.43,-62795.7
0.65734,0.940269,0.0785352,-367.605,4846.1,-3643.57,2456.56,-32384.7,24348.6
0.948767,0.524999,0.516968,6572.62,196.713,-642.343,-66896.9,-2002.17,6537.84
0.703985,0.391306,0.526274,953.266,-550.152,235.586,-79860.9,46089.6,-19736.5
0.0454372,0.295646,0.72788,-5593.77,46.4884,2298.67,80672.6,-670.45,-33151
0.552488,0.737827,0.349645,-42.4131,3199.68,48.4868,1387,-104636,-1585.62
0.708547,0.766895,0.989777,644.111,-1115.87,5897.71,-5362.34,9289.83,-49099.5
0.395975,0.269265,0.591991,-390.319,-4592.54,220.743,12070.3,142020,-6826.28
0.318908,0.686296,0.672131,-1739.77,2990.73,-165.134,51927,-89264.2,4928.75
0.361621,0.220654,0.488092,-342.814,-3904.93,-2001.79,6754.6,76940.4,39442
0.614096,0.0574906,0.37642,1950.75,-4531.91,-1341.75,-19989.6,46439.1,13749.1
0.893337,0.701192,0.124568,6595.66,80.8892,-434.381,-91767.6,-1125.44,6043.68
0.315503,0.706625,0.832992,-2938.48,1620.27,6215.94,43406.7,-23934.3,-91820.7
0.132556,0.754194,0.707186,-4041.52,1456.31,565.106,80690.8,-29075.9,-11282.6
0.43862,0.28135,0.818351,-1806.43,-1219.94,4414.04,32418.5,21893.2,-79215.4
0.624274,0.662587,0.0959685,-227.109,881.788,-6257.41,3792.59,-14725.4,104495
0.248043,0.302261,0.210983,-1451.67,-2751.91,-2472.44,38505,72993.4,65580.5
0.915211,0.456587,0.557955,4766,-369.961,587.781,-63312.5,4914.64,-7808.2
0.421898,0.843007,0.420406,-531.045,3044.14,-826.347,16654.2,-95467.9,25915.3
0.00882974,0.70682,0.924898,-4795.38,767.015,3834.54,24871.2,-3978.12,-19887.8
0.25454,0.297705,0.668754,-1994.06,-525.294,1163.83,64638,17027.6,-37725.9
0.0162306,0.239863,0.745045,-5508.17,-158.93,1997.44,47386.4,1367.26,-17183.8
0.970068,0.697664,0.953785,3088.09,2702.63,3896.16,-21652.9,-18950.1,-27318.9
0.476195,0.597382,0.910807,-1927.15,765.895,6748.96,22058.3,-8766.47,-77248.9
0.161762,0.277956,0.346579,-783.891,-1942.3,-1913.12,22679.7,56195,55350.9
0.448059,0.00159811,0.894337,358.311,-5830.42,3527.39,-2518.76,40985.1,-24795.9
0.502679,0.734265,0.939073,219.893,1688.16,7148.88,-2207.06,-16944,-71753
0.0251332,0.161338,0.898235,-3845.09,-970.097,4371.06,21494,5422.82,-24434.1
0.969213,0.0207402,0.467882,3858.56,-3265.31,118.997,-27530.5,23297.7,-849.033
0.0915593,0.00212255,0.405835,-2478.13,-5006.14,599.546,17355.5,35060.5,-4198.91
0.034229,0.350984,0.935731,-4685.62,-438.776,3822.4,33594,3145.84,-27405
0.3074,0.0374508,0.0305784,62.6253,-3715.64,-3920.93,-461.007,27352.1,28863.4
0.526848,0.981977,0.411564,-1086.89,5996.78,797.335,9196.88,-50742.5,-6746.75
0.426274,0.86844,0.301428,1349.58,4894.53,-394.194,-21700.1,-78699.4,6338.27
0.26441,0.86293,0.746898,-915.021,2926.41,1720.99,20531.8,-65664.6,-38616.5
0.234741,0.0719516,0.806497,1253.73,-4686.65,711.94,-16795.2,62783.1,-9537.26
0.385646,0.681432,0.762152,-34.5929,790.305,2361.16,1227.4,-28041,-83776.5
0.532817,0.677031,0.44381,-655.791,1167.6,865.663,45686.3,-81342.2,-60307.2
0.101243,0.882785,0.238546,-4606.98,2617.72,-2418.55,34895.8,-19828,18319.4
0.20673,0.848933,0.706094,-1436.37,2397.4,625.385,38585.7,-64402.3,-16799.9
0.632877,0.601653,0.285517,1502.16,-28.5217,-287.27,-126869,2408.88,24262.3
0.369342,0.114417,0.880086,-1390.49,-2857.21,4033.39,18797.6,38625.9,-54526.3
0.891571,0.797934,0.121447,5252.42,1485.96,-1959.65,-44423.5,-12567.9,16574.2
0.777064,0.230375,0.351689,2019.95,-3094.08,-1290.97,-26698.8,40896.2,17063.5
0.313074,0.944235,0.835182,-503.383,5723.08,4993.45,4983.38,-56657.2,-49434
0.991634,0.0215093,0.906577,2585.08,-2909.6,1523.32,-12163.5,13690.5,-7167.66
0.71311,0.425139,0.909811,1573.07,-738.621,6144.95,-25006.8,11741.7,-97684.9
0.489762,0.729292,0.108452,1221.15,-215.737,-4475.44,-19102.9,3374.87,70011.2
0.855757,0.646924,0.6974,4052.5,2599.56,671.727,-76193,-48875.6,-12629.5
0.490573,0.301294,0.612626,1037.57,-451.587,29.4092,-116578,50738.9,-3304.33
0.933788,0.0945496,0.751088,4224.88,-3581.1,2054.52,-42912.9,36373.8,-20868.1
0.0242454,0.845959,0.268998,-4887.82,1595.11,-922.614,35987.8,-11744.4,6792.98
0.103979,0.157066,0.275432,-4064.29,-3200.11,-2795.31,51852.7,40827.3,35662.9
0.298919,0.425192,0.372305,-2302.75,-2147.47,-764.193,69581.5,64889.4,23091.4
0.103316,0.908357,0.773008,-4085.47,2758.31,2351.78,41726.5,-28171.7,-24019.6
0.806791,0.436307,0.767234,1745.21,-1381.55,1622.98,-47311.2,37452.7,-43997.6
0.567305,0.792781,0.43498,-543.741,2233.03,475.778,25103.1,-103093,-21965.4
0.626828,0.536253,0.667807,118.88,441.233,11.6302,-21042.6,-78100.8,-2058.61
0.916738,0.269517,0.642483,5089.4,-2512.6,975.498,-46792.4,23101.1,-8968.81
0.42888,0.939916,0.259581,2457.11,4473.38,292.234,-32537.2,-59236.8,-3869.78
0.730775,0.870537,0.418992,2720.99,4424.95,7.10536,-46528.2,-75665.6,-121.5
0.748256,0.502931,0.963392,2138.91,1712.07,7226.22,-15062.9,-12057,-50889.4
0.577474,0.428522,0.117622,-982.908,-1113.65,-4484.85,16180.3,18332.6,73828.2
0.838026,0.368217,0.767299,1905.74,-921.668,704.574,-65421.8,31639.7,-24187.2
0.506412,0.283577,0.0249493,1096.15,-1352.33,-5655.75,-8128.45,10028.2,41940.1
0.631328,0.942454,0.919675,266.445,4949.87,3468.65,-2527.37,-46952.1,-32901.9
0.303824,0.00949721,0.942819,-204.318,-4360.69,3252.75,1283.88,27401.4,-20439.4
0.0032248,0.144625,0.0129209,-2969.14,-1099.83,-2485.7,12912.9,4783.21,10810.4
0.00547701,0.924944,0.557376,-5590.3,2240.48,-347.919,42549.4,-17053,2648.12
0.0913614,0.494081,0.666865,-3547.24,43.2098,905.026,59594.8,-725.938,-15204.7
0.684726,0.857767,0.0619217,-811.8,4693.81,-4320.37,6710,-38797.1,35710.4
0.809703,0.528623,0.543738,964.978,327.521,805.239,-62906,-21350.8,-52492.8
0.0600816,0.746734,0.883686,-4069.15,1120.36,2828.45,42041.5,-11575.3,-29222.9
0.944892,0.296153,0.821034,5088.78,-2690.6,2704.53,-52698.3,27863.3,-28007.6
0.279212,0.528603,0.24913,-2710.58,56.9131,-3085.85,61389.6,-1288.98,69888.8
0.693045,0.799635,0.141829,-1004.42,3342.13,-4435.65,14424.7,-47997,63701.3
0.0154983,0.0776093,0.775804,-5378.57,-4696.31,1203.82,34032.7,29715.6,-7617.12
0.936511,0.598471,0.0367379,3280.42,674.483,-4304.87,-23258.6,-4782.18,30522.1
0.780805,0.790867,0.0975997,2691.6,2246.03,-2855.26,-35418.3,-29555.1,37571.8
0.949082,0.914454,0.708783,3177.15,2532.94,2066.94,-24618,-19626.3,-16015.6
0.398464,0.820167,0.190584,340.099,2950.53,-3424.54,-5959.62,-51702.6,60008.9
0.745218,0.370306,0.127797,2371.51,-1393.09,-4118.3,-24928.3,14643.5,43289.8
0.109663,0.24522,0.224204,-3719.04,-2352.08,-3841.72,56497.1,35731.2,58360.7
0.562319,0.442841,0.967305,411.041,64.0106,6503.66,-3346.47,-521.139,-52949.2
0.385395,0.19345,0.291789,-358.301,-3220.98,-1303.89,5680.28,51063.4,20671
0.279107,0.300364,0.913133,-3069.06,-87.1785,4492.71,40109.7,1139.34,-58715.4
0.128126,0.397915,0.864738,-799.268,953.752,1310.85,36482.3,-43533.7,-59833.5
0.54879,0.942609,0.473534,-357.325,6594.95,-1688.14,3292.29,-60764,15554
0.854747,0.189651,0.398339,3077.37,-2607.42,-1587.67,-43558.1,36906.3,22472.4
0.45343,0.240236,0.0510968,575.531,-2902.32,-4664.49,-5169.91,26071.1,41900.5
0.0653856,0.0960928,0.414686,-4039.85,-3703.34,-766.824,33856.3,31036.2,6426.44
0.799865,0.456066,0.557319,2753.83,1634.38,-532.219,-84893.3,-50383.7,16406.9
0.167622,0.427175,0.499592,-3907.75,-217.178,-167.679,89987,5001.13,3861.28
0.768425,0.741411,0.0438662,1046.97,419.7,-5721.16,-11223.9,-4499.33,61332.9
0.187095,0.413627,0.962665,-388.384,219.815,6201.28,3484.57,-1972.17,-55637.8
0.648772,0.135545,0.268405,1705.41,-3341.18,-1379.88,-23378.8,45803.1,18916.3
0.501588,0.470412,0.53721,1839.12,1108.57,-669.536,-78037.1,-47038.6,28409.5
0.290278,0.139384,0.0232164,-729.192,-714.321,-5075.9,7031.36,6887.97,48945.3
0.225774,0.0772168,0.952984,-849.042,-2976.21,5184.18,8132.49,28507.4,-49656.3
0.210814,0.768706,0.276365,-4919.27,1146.34,-2164.72,71363.4,-16629.8,31403.4
0.500272,0.895683,0.615711,160.847,3962.39,903.419,-2725.68,-67145.9,-15309.2
0.666115,0.487203,0.719043,106.5,1241.29,84.8988,-9258.09,-107906,-7380.29
0.190927,0.0472028,0.126216,-3112.16,-4811.21,-2511.35,31368.9,48494.5,25313.2
0.885032,0.640151,0.886846,1223.94,2018.56,3547.8,-19281.9,-31800.5,-55892
0.100723,0.718123,0.104324,-4620.7,1121.29,-2928.92,35058.7,-8507.56,22222.6
0.344404,0.956791,0.585127,-1168.39,5147.85,75.0078,6269.71,-27624,-402.501
0.845444,0.607866,0.487269,3257.09,1941.34,342.792,-89552.1,-53376.1,-9424.91
0.618646,0.84762,0.913505,-1021.26,2579.53,4253.65,12057.2,-30454.5,-50219.6
0.327403,0.701931,0.286228,-1847.38,1460.24,-1533.41,68454.9,-54109.5,56820.6
0.181693,0.905519,0.0878091,-2920.54,2833.65,-3987.55,23847.4,-23137.9,32559.9
0.874621,0.147602,0.139901,2196.96,-1723.17,-1758.42,-29339.9,23012.5,23483.3
0.500976,0.653386,0.149828,-483.899,1754.89,-4655.74,7115.72,-25805.6,68462.4
0.774292,0.919261,0.215826,3624.8,6053.83,-1207.74,-13611.9,-22733.5,4535.32
0.291226,0.559636,0.706571,-2658.94,319.101,4550.09,48731.8,-5848.33,-83392
0.115148,0.128878,0.0896667,-2241.25,350.019,-2529.4,30537.8,-4769.13,34463.9
0.978018,0.947382,0.535675,5436.76,4564.34,665.983,-33233.1,-27900.3,-4070.93
0.156624,0.54337,0.122329,-4174.58,1475.21,-3567.53,47488.3,-16781.4,40582.7
0.0958662,0.758149,0.99822,-1825.79,1592.1,6040.11,15167.1,-13225.8,-50176.3
0.33819,0.469204,0.657028,-408.945,1242.83,1564.92,21676.9,-65878.4,-82951.4
0.790023,0.292314,0.899995,2348.82,-1555.23,3654.55,-39465.7,26131.5,-61405
0.94044,0.111705,0.860383,3604.01,-2740.47,1589.58,-35534.2,27020,-15672.6
0.0420968,0.0552744,0.694758,-3935.65,-5032.08,306.475,21789,27859.2,-1696.74
0.494207,0.264885,0.201189,473.114,-3354.4,-2978.69,-9233.71,65467.3,58134.8
0.878788,0.60434,0.0910177,3378.99,58.915,-3873.65,-63382.9,-1105.12,72661.5
0.436046,0.719215,0.563016,1250.66,2334.43,137.896,-33281,-62120.9,-3669.51
0.57057,0.24887,0.184975,657.273,-3091.45,-1958.41,-5854.45,27536.1,17443.9
0.312774,0.960991,0.276986,-990.293,6541.84,1459.79,11331.8,-74857.2,-16704.1
0.233516,0.319991,0.583862,-3880.08,-1022.8,332.8,105185,27726.9,-9021.87
0.684036,0.705543,0.746923,2127.56,745.956,2238.59,-63273.8,-22184.8,-66575.9
0.490021,0.349078,0.0155669,1400.51,-979.492,-6445.56,-12399.9,8672.25,57067.8
0.153294,0.991365,0.42414,-2125.77,5578.17,-1032.48,19186.8,-50347.4,9318.98
0.407081,0.849743,0.106241,1022.87,2655.94,-4593.77,-13181.4,-34226.2,59198.4
0.0248584,0.338128,0.596443,-6431.8,1185.06,-953.071,59316.9,-10929.1,8789.64
0.124465,0.13457,0.930474,-1812.47,-1333.94,4693.55,14462.8,10644.3,-37452.6
0.273073,0.182773,0.680574,-0.260776,-3733.57,2321.44,6.62194,94807.1,-58948.7
0.756244,0.696263,0.0904168,2159.49,-544.422,-5312.51,-19702.9,4967.23,48470.7
0.784138,0.250692,0.908095,2560.62,-1542.99,4542.22,-26756.3,16123,-47462.3
0.973855,0.114963,0.0153637,2598.19,-1440.24,-2927.12,-11648.2,6456.91,13122.9
0.729656,0.216944,0.606308,2101.66,-4816.99,556.579,-39043.8,89488.3,-10339.9
0.104211,0.390481,0.886719,-1800.47,-194.405,1296.01,65181.3,7037.93,-46918.8
0.636917,0.92005,0.533469,2007.98,5649.17,1100.76,-24817.5,-69820.3,-13604.8
0.304464,0.841708,0.322388,-748.023,3490.79,1931.71,17993.7,-83971.3,-46467.5
0.881348,0.328466,0.0837714,3851.71,-2720.03,-3917.66,-47246,33364.5,48054.9
0.331361,0.0216867,0.912213,-1141.82,-5202.65,3577.4,8336.99,37987,-26120.4
0.38721,0.467707,0.552063,1199.85,-633.366,-1035.76,-71088,37525.5,61366.5
0.692688,0.742622,0.0951848,-1829.57,1678.83,-4660.3,30550.7,-28033.5,77818.8
0.640569,0.866153,0.539244,1072.21,4423.66,503.088,-18353.1,-75720.2,-8611.41
0.645691,0.698583,0.567896,-234.226,332.379,-224.526,44789.1,-63558.1,42934.2
0.102038,0.195801,0.637552,-2711.63,-2372.16,146.787,71595.5,62632.5,-3875.63
0.834998,0.710426,0.0379654,3287.4,-937.069,-7868.33,-37705.9,10748,90248.4
0.446471,0.053401,0.777651,-20.0687,-5299.63,2055.59,230.337,60826.1,-23592.9
0.339377,0.647732,0.177183,-2115.25,-758.227,-5102.2,33404,11973.9,80573.8
0.530724,0.850795,0.092431,1629.52,3600.79,-5357.07,-17884.1,-39519.1,58794.5
0.0698662,0.925904,0.688747,-4428.58,2560.39,640.056,33648.6,-19454,-4863.18
0.969474,0.623382,0.672438,6309.21,1723.59,1635.17,-57316.6,-15658.1,-14854.9
0.75515,0.563652,0.301753,3563.96,-349.07,-2358.52,-78599.2,7698.35,52014.6
0.521689,0.0923739,0.824712,1541.34,-5504.12,2769.36,-8831.8,31538.4,-15868.3
0.0689585,0.0995573,0.371078,-3762.76,-2886.25,-1038.7,51835.3,39760.6,14309
0.216219,0.533427,0.483069,-3893.49,1188.91,765.456,80176.1,-24482.4,-15762.6
0.584908,0.456952,0.144514,257.581,-430.78,-4888.3,-4475.85,7485.43,84941.4
0.325529,0.193242,0.745755,-2163.08,-2934.18,1346.07,56339.1,76423.1,-35059.5
0.664237,0.548914,0.648797,977.888,680.508,458.256,-60865.8,-42356.2,-28522.9
0.194648,0.479908,0.229928,-3810.29,547.065,-2434.3,68904.3,-9892.98,44021.3
0.364555,0.514186,0.428005,148.687,2430.99,1002.14,-6514.97,-106518,-43910.2
0.52935,0.16062,0.494212,1279.69,-2020.89,-2229.94,-33605.7,53070.3,58560.2
0.515772,0.268358,0.746412,1592.15,-3834.52,2370.66,-29372.2,70739.8,-43734.3
0.487065,0.610908,0.400877,-545.558,420.192,1453.13,31770.2,-24469.6,-84621.8
0.910996,0.902767,0.602211,2613.58,2288.67,2003.61,-38881,-34047.6,-29806.8
0.929502,0.48171,0.680257,5115.31,284.89,759.929,-74344.9,-4140.53,-11044.7
0.248728,0.704771,0.3097,-4056.35,971.336,-2384.33,83570.7,-20011.9,49123
0.400118,0.441579,0.362524,3651.06,350.778,481.714,-119069,-11439.7,-15709.8
0.581071,0.0664448,0.567047,1333.86,-6120.16,-1420.22,-9658.76,44317.3,10284.1
0.321731,0.817721,0.0274222,-1351.45,461.771,-7269.42,10350.3,-3536.54,55673.9
0.942021,0.529117,0.901463,4039.7,473.088,4825.64,-37900.9,-4438.56,-45274.6
0.199602,0.609819,0.193615,-3101.24,1213.7,-1810.3,64235.5,-25139.1,37496.4
0.636627,0.982604,0.718752,604.935,5448.64,1435.96,-3749.1,-33768,-8899.38
0.710655,0.370075,0.585419,765.565,-2.10805,-6.30026,-80567.4,221.85,663.034
0.551517,0.33334,0.516963,298.846,-293.504,-1606.65,-15287.5,15014.2,82187.9
0.790307,0.358204,0.0798216,854.31,-1364.51,-3665.41,-8557.56,13668.2,36716.1
0.39787,0.335039,0.790141,-1047.81,-1247.36,4397.68,22723,27050.3,-95368.7
0.79963,0.394901,0.777641,3280.91,-1065.56,857.678,-74192.5,24095.9,-19395
0.683188,0.378891,0.559265,1321.84,374.718,654.126,-74944.2,-21245.3,-37086.8
0.33967,0.398202,0.161106,-2320.29,-989.067,-2870.93,65006,27710,80432.8
0.237457,0.44506,0.685336,-4045.13,944.222,2929.22,83408.5,-19469.4,-60399
0.31197,0.179456,0.891278,-1276.3,-2828.18,3959.35,15161.4,33596.5,-47033.8
0.834794,0.799885,0.124938,3302.4,1819.31,-1835.31,-48032.3,-26461.2,26694
0.321411,0.95949,0.888948,-1195.07,4431.08,3818.85,7508.91,-27841.5,-23994.7
0.14609,0.278727,0.943934,-877.942,-1358.15,5235.01,12357.6,19116.7,-73686
0.533467,0.455654,0.15359,1360.16,-1448.36,-4517.73,-22529.1,23990,74829.7
0.489493,0.715661,0.566015,-430.822,1895.98,1170.54,14865,-65418.6,-40388.2
0.187667,0.970656,0.075846,-3358.46,3730.02,-4231.79,18558.2,-20611.4,23384
0.653873,0.621962,0.266187,2627.93,1174.33,-942.593,-113494,-50716.2,40708.2
0.1639,0.875089,0.814915,-2883.5,3037.92,2497.72,35162.3,-37045.3,-30458
0.389792,0.282166,0.615988,-2444.18,-3253.27,611.853,67351.9,89647,-16860.2
0.395105,0.701056,0.73824,-366.991,1079.83,1581.68,19473.4,-57298.1,-83927.5
0.383351,0.203406,0.484857,310.436,-3452.86,-1994.33,-7070.37,78640.9,45422
0.556626,0.0598275,0.570638,1329.06,-6104.21,578.455,-11050,50751.2,-4809.35
0.0243209,0.487658,0.133832,-4688.07,2160.53,-2524.31,38609.9,-17793.7,20789.6
0.846919,0.91592,0.539835,1524.84,4850.44,844.719,-20309.5,-64603.7,-11250.9
0.549833,0.235044,0.53073,1675.62,-3088.09,-1178.94,-37892.8,69834.7,26660.8
0.441986,0.46082,0.0461123,-437.522,597.644,-5790.95,3784.86,-5170.01,50095.5
0.748505,0.777336,0.227368,3951.61,2278.71,454.807,-91317.6,-52658.6,-10510.1
0.00644917,0.15426,0.259387,-4483.49,-2453.87,-1893.62,28893.8,15814,12203.4
0.129394,0.429184,0.852161,-1214.81,437.709,1702.93,36737.9,-13237.1,-51499.6
0.97298,0.372158,0.475582,6309.95,-2160.29,-1361.67,-56678.5,19404.6,12231.1
0.515539,0.214119,0.755633,829.859,-3447.04,2844.69,-18856.9,78327.1,-64640
0.403928,0.44564,0.792955,-501.324,1116.97,3557.58,12782.8,-28480.6,-90711.7
0.498735,0.683912,0.63178,-232.494,1580.66,-846.468,9567.34,-65045.6,34832.9
0.622347,0.375916,0.129718,776.508,-562.586,-4513.93,-15745.9,11408,91532.6
0.137784,0.87348,0.896865,-2109.71,2150.17,4828.65,16855.8,-17179,-38579
0.795026,0.0544732,0.107884,-67.1624,-3599.96,-1416.49,461.876,24756.9,9741.21
0.0273439,0.0388966,0.523055,-4134.2,-4598.73,-617.417,28961.5,32215.7,4325.22
0.968299,0.701946,0.911234,4015.38,2653.33,2909.5,-28901.8,-19098.2,-20942
0.145022,0.542368,0.407621,-4734.06,381.468,-1151.52,68481.5,-5518.2,16657.5
0.000980981,0.0658848,0.0379253,-3131.21,-2045.92,-2362.26,14631.7,9560.31,11038.5
0.797082,0.391763,0.0900135,565.233,-1176.46,-2857.16,-7947.74,16542.1,40174.4
0.205707,0.588799,0.268604,-3919.25,505.993,-2336.12,63344.6,-8178.08,37757.4
0.972654,0.438785,0.634857,6508.44,130.733,133.558,-59996.5,-1205.14,-1231.17
0.326995,0.656547,0.557106,-1114.95,704.906,121.561,70482.4,-44561,-7684.54
0.0485093,0.620218,0.706225,-4962.86,1311.05,770.657,42773.8,-11299.7,-6642.12
0.280906,0.410005,0.18897,-1005.56,87.5932,-2513.56,43037.5,-3748.94,107579
0.194506,0.146883,0.383479,-1623.39,-3788.87,-140.828,35651.4,83207.4,3092.71
0.807027,0.820265,0.679025,2792.93,2904.88,2267.61,-27749.7,-28862,-22530.3
0.669828,0.361291,0.357526,655.86,-1663.12,-1107.18,-23970.3,60783.6,40465.1
0.317436,0.251647,0.300833,-299.663,-4498.93,-1912.71,4853.23,72862.9,30977.6
0.32485,0.3356,0.0829658,450.216,-3004.66,-6847.91,-4293.32,28652.8,65302.6
0.122118,0.988618,0.615092,-2147.21,5566.62,714.548,18584.5,-48180.3,-6184.56
0.0113825,0.424978,0.906089,-6848.84,630.702,3063.44,54062,-4978.5,-24181.5
0.958815,0.307134,0.336057,5292.84,-1546.62,-582.605,-47967.5,14016.6,5279.98
0.555003,0.583629,0.224557,-420.621,588.239,-1549,26691.2,-37327.6,98294.2
0.852115,0.0895371,0.961938,1857.04,-3726.54,3664.85,-12003.7,24088,-23689.2
0.54228,0.0547047,0.480497,1089.37,-6242.97,-32.8234,-7978.42,45722.8,240.395
0.738105,0.870431,0.253238,1361.19,3807.42,-912.053,-23982.5,-67081.9,16069.2
0.27801,0.911645,0.0869124,-2357.04,3143.39,-4014.64,28337.8,-37791.8,48266.4
0.216918,0.683977,0.755173,-3578.3,761.5,1970.84,61476.9,-13082.9,-33859.9
0.742523,0.555031,0.41784,226.314,-506.437,147.904,-33274.7,74460.9,-21746.1
0.740958,0.0598483,0.12824,2356.57,-4054.49,-1616.22,-13502,23230.2,9260.12
0.511029,0.0316753,0.50612,1734.5,-5956.81,-822.658,-10270,35270.5,4870.99
0.782656,0.534762,0.410469,320.89,-962.826,-814.148,-27531.9,82608.9,69852.6
0.537426,0.567031,0.277043,236.806,-329.108,-1152.17,-21784.1,30275.1,105989
0.184235,0.246452,0.334426,-1264.68,-1781.41,-1609.04,36564.2,51503.8,46520.1
0.83237,0.414363,0.119546,-296.163,356.078,-2443.09,9145.3,-10995.4,75440.9
0.163157,0.677053,0.984379,-134.145,373.323,5214.29,1192.74,-3319.38,-46362.5
0.0838895,0.31159,0.980148,-2794.15,-1437.67,5412.43,23765.8,12228.2,-46035.8
0.665087,0.865242,0.669459,-565.038,4044.37,2166.09,10963.4,-78472.8,-42028.6
0.101151,0.837549,0.497851,-6002.85,620.413,-10.671,63181.5,-6530,112.314
0.409357,0.355742,0.829362,-1987.04,-682.608,2384.63,54698.8,18790.7,-65643.6
0.219668,0.290101,0.777833,-2623.56,-1097.26,3882.61,43084.2,18019.2,-63760.4
0.343829,0.762222,0.366627,-218.532,3907.68,805.178,5864.69,-104869,-21608.4
0.0868915,0.329378,0.346106,-5005.6,-336.071,-693.529,76361.4,5126.82,10579.9
0.00706802,0.0972064,0.636498,-5037.44,-4358.31,-2096.27,42305.1,36601.7,17604.7
0.06229,0.314767,0.540922,-6045.8,534.829,-280.908,59953.6,-5303.67,2785.64
0.50956,0.71429,0.0292618,-661.514,1158.52,-6233.88,6173.78,-10812.2,58179.6
0.721776,0.889762,0.927777,3135.5,3870.86,4748.95,-32517.6,-40143.9,-49250.4
0.467549,0.69087,0.189156,675.488,1274.98,-4670.94,-13344.2,-25187.1,92274.3
0.0872905,0.933797,0.38038,-5137.66,3265.14,-1104.14,40852.2,-25962.8,8779.64
0.7125,0.330275,0.22397,1325.35,-2906.14,-1307.68,-34266.5,75137.5,33809.8
0.874265,0.196537,0.301051,3605.77,-2357.21,-547.761,-57817.8,37797.3,8783.22
0.0281808,0.270658,0.734395,-5716.54,-800.903,2165.9,59483,8333.74,-22537.1
0.292779,0.9261,0.180123,-461.92,6253.84,-3115.42,4412.68,-59742.3,29761.3
0.748291,0.438149,0.971415,1781.27,341.673,6334.37,-14097.3,-2704.05,-50131.2
0.0235967,0.407028,0.72343,-5083.48,1469.2,1397.09,55493.3,-16038.4,-15251.2
0.293051,0.0607534,0.676093,-1467.95,-5692.64,1198.27,10649.3,41297.6,-8692.95
0.90751,0.410551,0.390218,5683.28,-734.322,-1590.47,-70760.6,9142.8,19802.4
0.834161,0.367124,0.0245838,1645.36,-1551.04,-6289.79,-11388,10735.2,43533.3
0.789241,0.202972,0.185653,796.53,-2491.32,-1333.97,-17285.1,54063,28947.8
0.102361,0.600315,0.927332,-2557.83,643.497,3794.83,31159.7,-7839.13,-46229
0.109601,0.0511808,0.294618,-3377.54,-4710.06,-1522.59,36426.1,50797.1,16420.9
0.585053,0.397203,0.243699,1541.92,-2469.75,443.482,-57175.5,91580.3,-16444.7
0.770163,0.422425,0.441933,1768.02,-964.001,-1657.73,-80679.2,43989.7,75646.3
0.557373,0.67566,0.256572,-148.507,1924.87,-2846.76,5083.69,-65892.2,97450
0.298072,0.945039,0.720078,-504.194,4988.61,-201.505,7838.51,-77556.1,3132.73
0.727479,0.3571,0.428213,89.8595,-1317.54,-2208.64,-2970.54,43554.6,73012.5
0.772915,0.565782,0.220831,3012.95,-426.034,-991.588,-71496.8,10109.7,23530.2
0.109811,0.0150185,0.280052,-2121.54,-4739.94,-1620.14,15683.1,35039.2,11976.6
0.985656,0.477171,0.099445,4171.01,-715.738,-2362.38,-20105.2,3450.02,11387.2
0.51569,0.866297,0.488746,-667.922,4357.05,1146.73,10288.6,-67115.4,-17664.1
0.475956,0.294162,0.311736,1655.86,-1951.58,-952.333,-58891.1,69408.8,33870.1
0.0371151,0.120093,0.244217,-4386.76,-1975.58,-1951.54,34541.6,15555.8,15366.5
0.511435,0.133234,0.687333,691.061,-5708.44,344.084,-10945.8,90416.9,-5450.01
0.0529904,0.37415,0.345992,-5546.89,1193.53,-1057.33,64868.6,-13957.8,12365
0.423911,0.386503,0.308041,1778.94,-818.339,-1759.07,-73461.4,33793.4,72641.1
0.256265,0.663296,0.541331,-1540.25,-516.052,1367.12,76169,25520.1,-67607.3
0.95851,0.441946,0.34713,5451.57,-1184.24,-1101.59,-48252.2,10481.8,9750.23
0.670161,0.680287,0.766579,1959.7,2784.17,3142.97,-37673.4,-53523.1,-60420.8
0.749915,0.941334,0.41081,1400.69,5015.58,-354.275,-18770,-67211.5,4747.49
0.136253,0.870433,0.385723,-3945.26,2739.08,-1100.27,39995.6,-27767.8,11154.1
0.736998,0.78774,0.405556,2833.41,1982.98,642.966,-51305.8,-35906.6,-11642.5
0.224645,0.279859,0.609604,-2332.84,-1425.3,598.865,81147.2,49578.7,-20831.3
0.0288104,0.340215,0.597428,-6430.34,1782.71,-103.835,70181.6,-19456.8,1133.27
0.735288,0.455032,0.274181,1884.24,-351.658,-852.05,-74828.9,13965.3,33837.4
0.724243,0.859071,0.946119,3705.48,3223.03,3948.42,-33029.1,-28728.8,-35194.7
0.181592,0.347537,0.650523,-2284.12,-191.882,1333.02,78143.3,6564.59,-45604.6
0.578467,0.455347,0.691051,-321.403,1035.51,-1003.25,19539.6,-62953.6,60992.2
0.128341,0.822891,0.910657,-2332.26,2441.71,4008.02,19813.8,-20743.6,-34050.2
0.740679,0.221259,0.345045,2123.51,-3075.59,-1578.58,-31404.3,45484.5,23345.4
0.566704,0.639149,0.821625,703.19,-1559.3,3969.53,-11433.1,25352.5,-64540.2
0.579146,0.263738,0.684334,1504.18,-1826.36,2269.02,-37346.9,45346.2,-56337
0.936573,0.977584,0.511279,3333.62,5148.63,-20.226,-22287.6,-34422.1,135.225
0.23894,0.805908,0.152102,-4320.34,1854.43,-1630.27,75862,-32562.5,28626.4
0.754814,0.232873,0.736699,1375.9,-3244.13,2049.69,-23782.4,56074.7,-35428.9
0.573055,0.845373,0.212088,469.057,4031.72,-2383.35,-7880.25,-67733.7,40040.8
0.639063,0.578563,0.810249,1002.59,661.372,4437.42,-18647.2,-12300.8,-82531.4
0.778923,0.373766,0.0653547,811.49,-1619.63,-3786.01,-8910.58,17784.4,41572.4
0.319838,0.747407,0.256946,-1475.86,798.11,124.68,90630.2,-49010.6,-7656.4
0.233145,0.613126,0.855826,-1613.56,-304.703,5057.4,19703.7,3720.8,-61757.2
0.583989,0.813801,0.498215,-343.619,2579.37,273.71,11345.5,-85164.8,-9037.29
0.977223,0.188895,0.0176574,2567.42,-567.826,-4197.45,-18943,4189.55,30969.7
0.137186,0.948595,0.956789,-2016.18,2784.64,4006.21,10945.4,-15117.2,-21748.8
0.092326,0.166945,0.946674,-3347.54,-1868.46,4053.81,15815.5,8827.58,-19152.3
0.191466,0.899611,0.331833,-2834.35,4163.07,-131.186,42354.5,-62209.9,1960.35
0.662765,0.14784,0.26348,1226.76,-3612.77,-1508.14,-16497,48583.1,20280.9
0.502265,0.61338,0.522842,-120.133,-241.824,1418.37,7325.51,14746,-86489.8
0.79259,0.741232,0.12911,2986.53,2337.47,-2460.15,-63530.6,-49723.5,52333.2
0.272374,0.117348,0.249782,-920.918,-4209.91,-712.105,17819.5,81460.9,13779.1
0.397499,0.378405,0.676905,-605.205,-509.829,1969.37,30706.6,25867.4,-99920.9
0.868816,0.107639,0.63438,4548.98,-4226.16,533.196,-56854.1,52819.4,-6664
0.293039,0.462065,0.489818,-1959.35,955.43,-104.064,108854,-53080.1,5781.39
0.0140634,0.640826,0.718118,-4405.29,2229.62,491.288,29274.8,-14816.6,-3264.79
0.120042,0.885422,0.177764,-4706.88,2249.69,-1618.22,54027.3,-25822.8,18574.5
0.530025,0.606906,0.750931,-753.764,-168.902,511.67,88777,19892.9,-60263.6
0.0951405,0.676383,0.867389,-2369.92,-57.7903,2875.96,38245.3,932.607,-46411.6
0.61051,0.946072,0.348861,308.029,5687.65,-809.277,-2693.67,-49737.5,7076.99
0.246947,0.0394019,0.725007,324.807,-4997.73,1458.27,-1784.01,27450.1,-8009.54
0.623355,0.911937,0.32709,97.5802,5423.81,-209.013,-1048.6,-58284.4,2246.06
0.761033,0.647932,0.0703213,1582.93,-1303.17,-5627.64,-21230.3,17478.1,75478
0.101894,0.231854,0.651527,-3351.06,-1559.28,744.259,92938.5,43245.2,-20641.3
0.200604,0.93364,0.383999,-2793.9,4109.27,-991.701,26857.3,-39501.8,9533.06
0.790062,0.666714,0.0057807,1611.92,-186.59,-5288.17,-10527.6,1218.64,34537.5
0.65438,0.663036,0.515342,270.339,1374.07,756.921,-12978.7,-65967.6,-36339
0.0776354,0.0971849,0.716805,-2522.31,-4847.34,1186.16,28535.4,54839.1,-13419.3
0.893487,0.720052,0.651738,4729.75,1640.74,1927.32,-59978.4,-20806.3,-24440.6
0.752331,0.0326729,0.179758,1718.63,-4066.06,-1590.18,-10188.9,24105.7,9427.39
0.85132,0.797953,0.0954002,5236.82,2862.01,-2358.17,-64657.4,-35336.3,29115.6
0.547596,0.198685,0.202574,903.171,-2221.29,-2223.72,-15019.2,36938.6,36979
0.174231,0.270051,0.339455,-389.708,-2556.59,-1675.49,10217.3,67028.4,43927.9
0.59394,0.602476,0.888095,214.724,1321.33,4794.35,-2679.69,-16489.8,-59831.9
0.987183,0.619029,0.173189,4996.45,314.755,-1457.15,-29660.4,-1868.48,8650.04
0.67121,0.733093,0.557199,-303.638,-314.227,432.305,46545.7,48168.9,-66269.6
0.214381,0.946789,0.77755,-2717.43,5616.34,2203.25,28767.7,-59456.5,-23324.4
0.459038,0.613529,0.380196,-402.917,927.909,332.025,38163.7,-87890.2,-31448.9
0.913903,0.6389,0.589916,5180.76,1441.15,-173.221,-82830.4,-23041.3,2769.46
0.0326744,0.402521,0.547884,-6997.82,135.735,805.687,62488.5,-1212.07,-7194.56
0.920567,0.502267,0.977392,2455.5,-680.29,6264.1,-21965.8,6085.59,-56036
0.0102786,0.654023,0.738774,-4358.19,1529.48,2532.89,21196.4,-7438.73,-12318.9
0.548892,0.587545,0.107557,-1236.56,103.762,-5228.13,24223.6,-2032.66,102417
0.125947,0.361184,0.237831,-1109.73,394.215,-2947.31,43335.2,-15394.3,115094
0.244375,0.920038,0.309647,-1170,4659.81,1203.53,12854.3,-51195.5,-13222.7
0.0249883,0.651863,0.395334,-4723.12,972.179,-1388.65,19835.9,-4082.91,5831.98
0.145353,0.362466,0.547047,-4078.84,1785.29,-1322.04,92709.7,-40578.6,30049.2
0.512087,0.915617,0.235597,-487.93,3935.99,-2561.4,6011.62,-48494,31558.1
0.80137,0.258729,0.864826,2257.91,-2300.3,3971.37,-21934.4,22346.1,-38579.6
0.656698,0.579668,0.153744,1484.9,-1986.79,-4555.02,-31782.3,42524.6,97494.3
0.913042,0.476096,0.613138,5428.51,-1315.42,352.7,-58256.7,14116.6,-3785.04
0.462618,0.957463,0.91994,-25.8839,4283.77,3807.09,185.653,-30725.4,-27306.5
0.566646,0.563106,0.30446,803.286,-1206.68,-1598.52,-32765,49218.9,65201.5
0.913558,0.0480662,0.0337203,2169.95,-3193.05,-2740.88,-10394.6,15295.5,13129.5
0.823286,0.348963,0.374492,3821.48,-2184.4,-2618.11,-59986.5,34288.9,41097
0.521899,0.0511985,0.741173,338.688,-4971.43,2454.78,-3478.17,51054.3,-25209.4
0.503228,0.29549,0.823639,968.53,-3686.3,2929.76,-25606.2,97459.4,-77457.8
0.993269,0.907227,0.569906,4633.53,2151.05,1555.86,-24438.3,-11345.1,-8205.96
0.675543,0.723543,0.0397207,-1325.89,1252.1,-5892.9,15825.4,-14944.6,70335.7
0.912552,0.000652287,0.0749676,1378.14,-3920.65,-1648.11,-8058.38,22925.1,9636.97
0.326993,0.672557,0.285764,-2995.11,-123.861,-1155.23,94448,3905.84,36429.2
0.328853,0.587882,0.765364,-577.727,-531.435,3325.2,14751.7,13569.7,-84905.5
0.16661,0.715568,0.519911,-5238.75,1384.15,1411.51,72508.4,-19157.7,-19536.5
0.870787,0.549245,0.876718,2876.38,1935.5,2617.81,-37767.5,-25413.4,-34372.4
0.671691,0.440164,0.834028,1678.78,710.999,4033.45,-29179.3,-12358,-70106.2
0.79611,0.885011,0.00148101,1266.86,4382.68,-6014.65,-9053.62,-31320.7,42983.5
0.0697572,0.933732,0.813535,-4059.63,3385.74,1938.49,26923.6,-22454.3,-12856.1
0.116717,0.50067,0.351351,-5492.1,1385.43,-2110.74,74256.1,-18731.7,28538.3
0.287747,0.0818348,0.145437,632.781,-3580.15,-3026.85,-8239.62,46618.1,39413.4
0.610342,0.496339,0.250507,1369.02,-1537.13,-422.4,-79451.8,89208.4,24514.2
0.278509,0.644507,0.404794,-1718.37,586.165,116.631,95232.4,-32485.4,-6463.71
0.364892,0.634198,0.775002,-715.737,357.836,2489.23,22134.7,-11066.4,-76981.4
0.765379,0.670066,0.750612,1450.56,1926.16,1779.79,-38615.7,-51276.6,-47380.1
0.743301,0.539097,0.674658,2440.53,1159.82,362.572,-93001.8,-44197.5,-13816.6
0.562345,0.865183,0.980892,562.086,2041.19,5739.62,-3410.86,-12386.4,-34829.2
0.326196,0.36868,0.337006,-3107.98,-1968.41,-1687.15,78068.5,49444,42378.9
0.263068,0.611479,0.415372,-2281.24,1520.36,-151.727,100180,-66766.3,6663.06
0.0683806,0.432123,0.121471,-4477.95,969.902,-2318.76,56900,-12324.3,29463.8
0.813127,0.245202,0.535207,3854.67,-2487.29,-231.801,-62992.2,40646.8,3788.05
0.129189,0.136828,0.430909,-2485.63,-3252.92,-1586.21,43566.4,57014.9,27802
0.529453,0.049839,0.275946,831.116,-4777.32,-122.98,-9512.84,54680.6,1407.61
0.858526,0.951478,0.714109,2550.69,4344.14,2095.92,-17959.6,-30587.3,-14757.5
0.917467,0.996735,0.0447364,2608.16,4188.23,-3369.73,-16260.9,-26112,21009
0.915931,0.715171,0.341349,5366.98,3418.03,-2359.27,-57624.2,-36698.7,25331
0.508593,0.395017,0.17104,104.672,-2357,-4015.04,-2235.92,50348.5,85766.2
0.454613,0.0202807,0.452238,-166.121,-6099.09,-1577.57,1216.84,44675.8,11555.7
0.602401,0.241065,0.573587,1882.11,-3807.13,-634.606,-43913,88826.9,14806.5
0.92799,0.733906,0.54162,5533.69,1601.39,413.024,-60209.5,-17424,-4493.92
0.787375,0.989535,0.517409,1480.35,5281.61,825.445,-9596.29,-34237.7,-5350.9
0.967974,0.977598,0.80682,2530.07,2827.81,1550.91,-14045.3,-15698.2,-8609.65
0.223576,0.321756,0.116863,-3299.1,-2541.64,-4315.94,34255.3,26390.4,44813.3
0.134651,0.409915,0.493866,-3527.06,845.935,-865.621,67157.2,-16107.1,16481.9
0.593446,0.309983,0.206688,1107.57,-1863.39,-1592.58,-35048.3,58965.9,50396.2
0.957978,0.135773,0.0436933,2988.68,-1877.81,-2974.29,-8883.41,5581.5,8840.63
0.0934359,0.356682,0.125562,-4645.24,-1442.43,-4146.14,55205.5,17142.3,49274
0.0487041,0.675959,0.35131,-5337.09,552.528,-691.44,26856.9,-2780.39,3479.41
0.965041,0.588946,0.316297,6216.86,639.212,-1623.83,-35511.3,-3651.24,9275.47
0.445644,0.934167,0.305422,318.798,4428.12,-943.941,-3792.98,-52684.7,11230.8
0.399363,0.848506,0.104687,1388.4,2672.89,-4416.48,-18833.4,-36257.4,59908.8
0.783382,0.924002,0.923616,1945,4025.59,3422.9,-11491.5,-23784.2,-20223.3
0.414,0.399837,0.518396,1169.66,647.806,695.23,-80578.9,-44628.1,-47895.1
0.598635,0.638561,0.679483,558.237,1884.89,-782.658,-31075.4,-104926,43568.2
0.214257,0.0643258,0.328507,-297.167,-5504.75,-633.543,3796.89,70334,8094.74
0.846631,0.603957,0.444157,5983.39,1887.48,-1110.14,-77155,-24338.8,14315.1
0.455922,0.0276771,0.00929977,-170.8,-3083.21,-3640.94,996.639,17990.9,21245.3
0.920625,0.830893,0.866406,3681.16,2340.94,2170.14,-24492.2,-15575.1,-14438.7
0.88426,0.530425,0.406029,5527.95,1105.23,-2009.41,-73802.5,-14755.7,26827.3
0.587496,0.514104,0.630705,689.055,91.7919,-285.445,-68667.2,-9147.45,28445.9
0.730668,0.840088,0.286424,1881.91,2085.92,-96.0155,-47136.5,-52246.4,2404.91
0.732213,0.0999748,0.0185992,1628.5,-1620.87,-4362.01,-12739.8,12680.1,34124
0.406928,0.580092,0.243208,-959.139,1229.55,-1952.56,48601.7,-62303.9,98940.4
0.797651,0.50963,0.971853,145.752,314.607,6259.59,-942.179,-2033.7,-40463.6
0.765522,0.836239,0.829682,3745.73,2562.16,3052.84,-47836.8,-32721.4,-38988
0.546932,0.550568,0.428864,32.5779,-1495.71,562.362,-1773.65,81431.5,-30616.8
0.832153,0.929821,0.0800888,1103.52,4763.61,-4456.77,-11218.5,-48427.4,45308
0.160614,0.739466,0.0627475,-4298.49,383.421,-3809.09,27574.4,-2459.62,24435
0.0318356,0.699383,0.770369,-5449.19,981.888,993.961,44093.1,-7945.14,-8042.83
0.647871,0.71014,0.012719,-623.545,2108.92,-6010.67,6599.45,-22320.3,63615.5
0.955126,0.479967,0.049878,4706.86,276.232,-3014.63,-28756,-1687.61,18417.5
0.273643,0.723387,0.697537,-1405.92,2318.31,1064.07,38400.3,-63320.6,-29063.3
0.652541,0.574589,0.413805,1007.03,-977.855,452.832,-52454.4,50934.5,-23587.1
0.0438609,0.183347,0.703291,-4010.51,-951.542,1228.17,44165.2,10478.7,-13525.1
0.62615,0.305581,0.497584,387.711,-1110.64,-3308.23,-12246.4,35081.2,104495
0.38245,0.720552,0.376434,-0.0131472,2035.5,976.605,0.597251,-92468.8,-44365.2
0.867745,0.0379266,0.512304,1820.29,-4588.93,-930.039,-15942.2,40190.3,8145.36
0.276141,0.445379,0.0877974,-1833.92,1378.14,-5909.68,23001.1,-17284.6,74119.3
0.607251,0.999148,0.296329,528.832,5733.71,-1327.42,-3613.87,-39182.4,9071.19
0.161177,0.443408,0.907449,-2121.67,575.823,3374.49,10869.8,-2950.08,-17288.3
0.304663,0.918276,0.15247,-1363.09,3956.03,-4270.91,18287.9,-53076,57300.6
0.246677,0.300387,0.471512,-1765.37,-1896.37,-1623.92,61994.2,66594.5,57027
0.559888,0.870087,0.970454,481.19,1706.92,6279.06,-4001.29,-14193.7,-52212.9
0.358608,0.320972,0.0266762,-493.403,-2182.98,-5785.5,3866.64,17107.4,45339.2
0.1324,0.181941,0.097064,-2913.95,-2530.64,-3801.04,20099.1,17455.2,26217.8
0.428459,0.393152,0.988616,-1070.34,-697.564,7439.23,10792.8,7033.95,-75014.2
0.160535,0.0831386,0.516755,-2227.27,-5736.8,-7.80473,25524.6,65743.8,89.4423
0.996452,0.264674,0.100165,4873.58,140.883,-1675.33,-44152.9,-1276.35,15177.9
0.416558,0.883485,0.85611,529.69,2760.38,3076.37,-6719.83,-35019.1,-39027.9
0.600221,0.619884,0.0227816,-497.141,-693.556,-6420.66,4927.48,6874.27,63639.2
0.35424,0.177902,0.26517,338.987,-2444.32,-1052.85,-8121.25,58559.6,25223.6
0.447516,0.219301,0.718563,-120.347,-3889.85,2063.65,3067.7,99154.4,-52603.6
0.37604,0.304719,0.998433,-1365.92,-2311.69,6707.93,9802.27,16589.4,-48138.3
0.0470188,0.0488634,0.457347,-3541.62,-4516.71,139.021,19374.8,24709.1,-760.528
0.71432,0.885942,0.310737,1947.57,3873.42,-1489.51,-30716.6,-61090.8,23492.2
0.122456,0.335827,0.44131,-2896.63,-328.439,396.327,119394,13537.7,-16335.9
0.763461,0.148865,0.619811,206.35,-4345.66,1015.14,-3852.82,81139.3,-18953.9
0.269448,0.623018,0.578219,-1614.71,1070.26,-276.205,58589.3,-38834.1,10022
0.813231,0.663491,0.363174,3341.02,2170.35,-868.852,-71653,-46546.3,18633.8
0.308519,0.339801,0.701175,-1640,-1080.48,2337.36,46049,30338.4,-65630.1
0.347862,0.608129,0.30312,-880.216,1374.68,-1267.37,42385.9,-66196.3,61029
0.0676585,0.11627,0.641714,-4543.59,-5632.81,-1581.63,42987,53292.2,14963.8
0.907181,0.447032,0.760225,5549.04,-973.865,866.878,-119468,20966.8,-18663.4
0.743718,0.644591,0.0393331,2177.55,-2202.35,-5969.51,-25733.7,26026.8,70546
0.348348,0.443032,0.664384,-786.062,1088.13,2091.52,37203.5,-51500,-98989.2
0.315061,0.330673,0.648108,-75.2654,-1206.51,3023.94,2209.08,35411.9,-88754.3
0.31825,0.766054,0.876918,-2594.66,1282.74,5212.17,25227,-12471.6,-50676.2
0.178167,0.313937,0.317128,-2055.27,-2573.47,-658.33,49646.7,62164.5,15902.5
0.748183,0.958183,0.276758,2138.1,5063.54,-1200.34,-18785.5,-44488.7,10546.3
0.725014,0.810844,0.599853,2037.13,3770.29,807.335,-42060.4,-77844.7,-16669
0.228324,0.468257,0.0318918,-1262.43,1181.14,-6183.04,7430,-6951.56,36390.1
